signal_id,ehtimollik
SG_000001,0.5148358059676612
SG_000007,0.4204867477912985
SG_000009,0.23941490248374728
SG_000010,0.07772128688114685
SG_000011,0.420861810301717
SG_000018,0.6152275379229872
SG_000024,0.6224787464577429
SG_000026,0.2790048341390232
SG_000032,0.651775295882647
SG_000033,0.8523087181196867
SG_000034,0.1273128854809135
SG_000036,0.2824220703450575
SG_000039,0.3154275712618769
SG_000048,0.09622437072845474
SG_000049,0.4003583930655109
SG_000050,0.850933488914819
SG_000053,0.1513168861476913
SG_000054,0.778171361893649
SG_000055,0.6620270045007501
SG_000058,0.19524087347891317
SG_000059,0.2975495915985998
SG_000061,0.5374645774295717
SG_000062,0.6178946491081847
SG_000072,0.3627687947991332
SG_000073,0.7162443740623436
SG_000075,0.5357142857142857
SG_000080,0.7495832638773128
SG_000081,0.6904067344557426
SG_000083,0.03592265377562927
SG_000086,0.1455659276546091
SG_000087,0.8771878646441074
SG_000092,0.41636106017669616
SG_000099,0.6524004000666778
SG_000100,0.26850308384730787
SG_000105,0.30042507084514086
SG_000106,0.731371895315886
SG_000107,0.006876146024337389
SG_000118,0.6247707951325221
SG_000120,0.21307717952992167
SG_000125,0.5029171528588098
SG_000129,0.3386397732955493
SG_000137,0.3381813635605935
SG_000146,0.4207367894649108
SG_000147,0.6133105517586265
SG_000149,0.7473328888148024
SG_000153,0.7507501250208368
SG_000161,0.13302217036172695
SG_000163,0.21311885314219037
SG_000165,0.9274462410401734
SG_000173,0.21841140190031672
SG_000178,0.4473662277046174
SG_000179,0.09289048174695783
SG_000187,0.9989581596932822
SG_000192,0.04688281380230038
SG_000193,0.6202700450075013
SG_000195,0.579721620270045
SG_000196,0.7719203200533423
SG_000201,0.05763460576762794
SG_000203,0.14364894149024837
SG_000205,0.9502833805634272
SG_000207,0.840973495582597
SG_000211,0.6599016502750458
SG_000214,0.3428488081346891
SG_000217,0.04388231371895316
SG_000218,0.9801216869478246
SG_000219,0.5533422237039507
SG_000227,0.4400733455575929
SG_000229,0.10547591265210868
SG_000232,0.8170111685280881
SG_000240,0.11110185030838474
SG_000242,0.8979829971661943
SG_000244,0.34814135689281545
SG_000246,0.51487747957993
SG_000250,0.28146357726287713
SG_000253,0.6375645940990164
SG_000262,0.3774379063177196
SG_000269,0.7625020836806135
SG_000270,0.3684780796799466
SG_000271,0.9216536089348224
SG_000284,0.812260376729455
SG_000286,0.5994749124854143
SG_000287,0.1480663443907318
SG_000290,0.9802050341723622
SG_000291,0.6183530588431405
SG_000301,0.2306634439073179
SG_000302,0.8285964327387898
SG_000304,0.24754125687614603
SG_000306,0.8847307884647442
SG_000309,0.2604600766794466
SG_000314,0.5497166194365727
SG_000319,0.9629104850808468
SG_000320,0.3473078846474412
SG_000321,0.5683030505084181
SG_000325,0.8110518419736623
SG_000328,0.1066011001833639
SG_000329,0.19386564427404568
SG_000333,0.42007001166861146
SG_000334,0.7653358893148858
SG_000335,0.38077179529921656
SG_000339,0.1266461076846141
SG_000341,0.16940323387231204
SG_000345,0.8488914819136523
SG_000347,0.4043173862310385
SG_000349,0.5298383063843974
SG_000350,0.4399066511085181
SG_000351,0.043757292882147025
SG_000357,0.21049341556926154
SG_000360,0.828429738289715
SG_000366,0.9499499916652775
SG_000368,0.7260793465577597
SG_000370,0.30000833472245375
SG_000378,0.4164027337889648
SG_000386,0.30592598766461077
SG_000394,0.36485247541256877
SG_000395,0.36860310051675277
SG_000397,0.8243873978996499
SG_000398,0.643690615102517
SG_000401,0.5749291548591432
SG_000402,0.40194199033172195
SG_000414,0.9504084014002334
SG_000415,0.5621770295049174
SG_000419,0.9325304217369562
SG_000420,0.6437322887147857
SG_000422,0.8082597099516586
SG_000425,0.8770211701950326
SG_000430,0.15115019169861643
SG_000431,0.005000833472245374
SG_000435,0.017586264377396233
SG_000436,0.37652108684780794
SG_000440,0.4572428738123021
SG_000444,0.19303217202867146
SG_000450,0.6418153025504251
SG_000452,0.6483997332888816
SG_000454,0.6550258376396065
SG_000460,0.41244374062343725
SG_000462,0.31321886981163527
SG_000471,0.46311885314219037
SG_000474,0.8978163027171194
SG_000475,0.7889648274712452
SG_000476,0.5656776129354892
SG_000480,0.7119519919986664
SG_000482,0.935447574595766
SG_000484,0.7991331888648108
SG_000487,0.5641356892815469
SG_000488,0.7385397566261043
SG_000494,0.8375979329888315
SG_000496,0.2419569928321387
SG_000497,0.05909318219703284
SG_000498,0.18569761626937825
SG_000501,0.8096766127687947
SG_000506,0.8305134189031504
SG_000511,0.5227537922987164
SG_000513,0.13398066344390733
SG_000524,0.1161026837806301
SG_000526,0.8015502583763962
SG_000527,0.07505417569594933
SG_000530,0.42344557426237706
SG_000535,0.4493665610935156
SG_000536,0.522378729788298
SG_000551,0.7257876312718786
SG_000561,0.8830638439739956
SG_000563,0.8954825804300717
SG_000567,0.8161776962827139
SG_000572,0.8170111685280881
SG_000580,0.411026837806301
SG_000583,0.2921320220036673
SG_000585,0.8133438906484414
SG_000588,0.1811968661443574
SG_000591,0.7483330555092516
SG_000593,0.20145024170695114
SG_000594,0.7879646607767962
SG_000598,0.1703200533422237
SG_000603,0.49387397899649943
SG_000610,0.3331388564760793
SG_000614,0.4971661943657276
SG_000615,0.48799799966661106
SG_000616,0.08968161360226704
SG_000617,0.24149858309718286
SG_000619,0.4323220536756126
SG_000621,0.7020336722787132
SG_000629,0.8438489748291381
SG_000633,0.359184864144024
SG_000634,0.5750541756959493
SG_000638,0.4692865477579597
SG_000640,0.5649691615269211
SG_000643,0.6878229704950826
SG_000646,0.7773378896482748
SG_000648,0.05955159193198867
SG_000657,0.29321553592265376
SG_000662,0.4286964494082347
SG_000665,0.2125770961826971
SG_000666,0.768044674112352
SG_000672,0.2156609434905818
SG_000674,0.3474745790965161
SG_000677,0.12343723953992332
SG_000678,0.5668444740790132
SG_000679,0.29417402900483414
SG_000691,0.7160776796132688
SG_000692,0.09880813468911485
SG_000693,0.944407401233539
SG_000695,0.975579263210535
SG_000696,0.1888231371895316
SG_000698,0.11331055175862643
SG_000706,0.2631271878646441
SG_000709,0.2717952992165361
SG_000713,0.5778879813302217
SG_000716,0.45761793632272046
SG_000717,0.11572762127021169
SG_000719,0.5433405567594599
SG_000722,0.8943573928988164
SG_000727,0.30367561260210035
SG_000734,0.22020336722787132
SG_000737,0.12743790631771962
SG_000739,0.34989164860810135
SG_000742,0.7016586097682947
SG_000743,0.21707784630771795
SG_000750,0.5306717786297717
SG_000751,0.8218869811635273
SG_000759,0.9565760960160027
SG_000762,0.6544007334555759
SG_000764,0.16494415735955992
SG_000768,0.032172028671445245
SG_000769,0.7196616102683779
SG_000770,0.5176279379896649
SG_000788,0.9266127687947991
SG_000790,0.1339806634439073
SG_000797,0.5187531255209202
SG_000798,0.18982330388398067
SG_000799,0.5175029171528589
SG_000802,0.8258043007167861
SG_000803,0.9250708451408568
SG_000809,0.6801966994499083
SG_000811,0.5201283547257876
SG_000812,0.7175362560426738
SG_000816,0.8969411568594766
SG_000817,0.33530588431405234
SG_000820,0.24045674279046508
SG_000821,0.018544757459576598
SG_000826,0.4559093182197033
SG_000840,0.5269211535255877
SG_000849,0.8201783630605101
SG_000851,0.40010835139189865
SG_000856,0.11339389898316386
SG_000857,0.9349058176362727
SG_000864,0.018461410235039173
SG_000865,0.020628438073012168
SG_000875,0.4740790131688615
SG_000883,0.19561593598933158
SG_000888,0.7803800633438907
SG_000889,0.5728871478579763
SG_000890,0.468078013002167
SG_000891,0.3736039339889982
SG_000903,0.37085347557926324
SG_000907,0.4636189364894149
SG_000909,0.08130521753625604
SG_000910,0.6716952825470912
SG_000911,0.9132355392565428
SG_000912,0.5468828138023004
SG_000913,0.6010168361393565
SG_000917,0.6966577762960493
SG_000920,0.4815385897649608
SG_000928,0.15456742790465078
SG_000934,0.12447907984664111
SG_000935,0.859476579429905
SG_000938,0.6546924487414569
SG_000940,0.2019919986664444
SG_000943,0.5776796132688782
SG_000945,0.4585347557926321
SG_000946,0.36297716286047677
SG_000948,0.30834305717619603
SG_000950,0.8121770295049174
SG_000954,0.28758959826637776
SG_000959,0.7443323887314552
SG_000963,0.6746541090181697
SG_000965,0.4408651441906985
SG_000968,0.7374562427071178
SG_000970,0.7876312718786465
SG_000973,0.06555259209868311
SG_000975,0.16856976162693782
SG_000977,0.10568428071345223
SG_000980,0.9265294215702617
SG_000981,0.6332722120353392
SG_000985,0.6758626437739623
SG_000987,0.9434072345390898
SG_000988,0.36185197532922153
SG_000990,0.6699033172195366
SG_000991,0.7602933822303718
SG_001002,0.6540673445574262
SG_001004,0.9439906651108518
SG_001009,0.45420070011668606
SG_001010,0.051591931988664776
SG_001014,0.48378896482747125
SG_001023,0.8244290715119187
SG_001027,0.06630271711951992
SG_001028,0.8483080513418904
SG_001030,0.37322887147857975
SG_001031,0.45545090848474745
SG_001032,0.42032005334222367
SG_001042,0.7682530421736956
SG_001048,0.4263210535089182
SG_001049,0.25391731955325886
SG_001052,0.3101350225037506
SG_001058,0.33947324554092345
SG_001060,0.6241456909484915
SG_001066,0.8866061010168361
SG_001067,0.567302883813969
SG_001070,0.4214035672612102
SG_001071,0.5006251041840307
SG_001075,0.03292215369228205
SG_001076,0.8597266211035172
SG_001078,0.10305884314052342
SG_001081,0.6519836639439907
SG_001085,0.4065260876812802
SG_001086,0.19232372062010333
SG_001100,0.31671945324220707
SG_001101,0.006376062677112852
SG_001102,0.5984330721786965
SG_001106,0.1229788298049675
SG_001107,0.05050841806967828
SG_001108,0.6167694615769296
SG_001109,0.21920320053342224
SG_001111,0.8918986497749625
SG_001117,0.7183697282880479
SG_001121,0.7716286047674612
SG_001123,0.6088098016336057
SG_001125,0.752167027837973
SG_001126,0.9871645274212368
SG_001128,0.11306051008501417
SG_001133,0.04738289714952492
SG_001135,0.7383730621770296
SG_001143,0.9649941656942824
SG_001153,0.024004000666777797
SG_001155,0.9416986164360727
SG_001157,0.5798883147191198
SG_001159,0.6375645940990166
SG_001161,0.9400316719453242
SG_001163,0.24404067344557426
SG_001167,0.9407817969661609
SG_001180,0.35722620436739455
SG_001181,0.9788714785797632
SG_001182,0.6161026837806302
SG_001184,0.6300633438906484
SG_001188,0.15819303217202868
SG_001190,0.7652108684780797
SG_001192,0.6588181363560592
SG_001196,0.9599516586097683
SG_001201,0.7805050841806968
SG_001202,0.025462577096182697
SG_001203,0.5520086681113519
SG_001205,0.21970328388064678
SG_001208,0.9350308384730789
SG_001210,0.692948824804134
SG_001211,0.4996249374895816
SG_001213,0.8321386897816303
SG_001215,0.8002167027837972
SG_001217,0.6304384064010669
SG_001225,0.6696532755459244
SG_001226,0.7149941656942824
SG_001229,0.9191531921986997
SG_001230,0.2815052508751459
SG_001236,0.42886314385730956
SG_001237,0.002417069511585264
SG_001243,0.6320220036672778
SG_001245,0.33672278713118853
SG_001248,0.021211868644774128
SG_001252,0.050425070845140856
SG_001255,0.8996499416569428
SG_001257,0.7864644107351225
SG_001262,0.44265710951825304
SG_001264,0.4179029838306384
SG_001267,0.19078179696616104
SG_001279,0.00862643773962327
SG_001285,0.34880813468911487
SG_001287,0.1823220536756126
SG_001293,0.8561843640606768
SG_001296,0.8323053842307051
SG_001298,0.392107017836306
SG_001303,0.10518419736622771
SG_001305,0.33613935655942656
SG_001306,0.7964660776796133
SG_001309,0.32517919653275545
SG_001312,0.12902150358393066
SG_001313,0.5944324054009001
SG_001314,0.44069844974162364
SG_001316,0.22703783963993998
SG_001318,0.1769044840806801
SG_001319,0.8265960993498916
SG_001321,0.806759459909985
SG_001322,0.471828638106351
SG_001327,0.20815969328221373
SG_001331,0.2535422570428405
SG_001335,0.4264044007334556
SG_001336,0.7484997499583265
SG_001349,0.7029504917486248
SG_001350,0.43028004667444575
SG_001352,0.5720953492248708
SG_001354,0.13435572595432574
SG_001361,0.13814802467077847
SG_001362,0.6927404567427904
SG_001364,0.16211035172528754
SG_001374,0.796091015169195
SG_001389,0.2634189031505251
SG_001390,0.2641690281713619
SG_001395,0.906276046007668
SG_001397,0.3017586264377396
SG_001401,0.308926487747958
SG_001402,0.424612435405901
SG_001405,0.13693948991498583
SG_001412,0.98383063843974
SG_001415,0.3245124187364561
SG_001419,0.1841556926154359
SG_001421,0.7536256042673779
SG_001423,0.41802800466744455
SG_001432,0.47645440906817804
SG_001433,0.23978996499416572
SG_001441,0.6058509751625272
SG_001446,0.34589098183030503
SG_001447,0.536256042673779
SG_001448,0.03571428571428571
SG_001453,0.011918653108851476
SG_001458,0.44186531088514747
SG_001465,0.7423737289548258
SG_001469,0.7196199366561093
SG_001470,0.5347974662443741
SG_001472,0.8588931488581429
SG_001476,0.5287547924654109
SG_001478,0.6947824637439572
SG_001480,0.8568094682447074
SG_001484,0.024212368728121353
SG_001487,0.8025087514585765
SG_001493,0.6136856142690449
SG_001494,0.9475329221536923
SG_001500,0.571345224204034
SG_001505,0.5715119186531088
SG_001506,0.8312635439239873
SG_001510,0.12718786464410733
SG_001514,0.6342307051175196
SG_001520,0.7776296049341557
SG_001525,0.908568094682447
SG_001527,0.5387981330221704
SG_001528,0.5049591598599766
SG_001529,0.1481080180030005
SG_001531,0.593432238706451
SG_001541,0.8322220370061677
SG_001542,0.69728288048008
SG_001543,0.9099016502750458
SG_001545,0.2787964660776796
SG_001549,0.40169194865810964
SG_001557,0.812260376729455
SG_001558,0.8240123353892315
SG_001561,0.5800966827804634
SG_001562,0.15115019169861646
SG_001563,0.6456492748791465
SG_001567,0.2211618603100517
SG_001568,0.40531755292548755
SG_001569,0.7601266877812969
SG_001570,0.7593348891481914
SG_001571,0.5464660776796132
SG_001572,0.5498416402733789
SG_001573,0.1610685114185698
SG_001576,0.6152275379229872
SG_001584,0.36614435739289886
SG_001590,0.6667777962993832
SG_001591,0.3186364394065678
SG_001592,0.12981330221703619
SG_001595,0.5130855142523754
SG_001601,0.8714785797632939
SG_001604,0.47049508251375227
SG_001609,0.7041590265044173
SG_001610,0.651483580596766
SG_001612,0.14035672612102018
SG_001613,0.9446991165194198
SG_001615,0.267336222703784
SG_001623,0.5518003000500084
SG_001624,0.1339389898316386
SG_001631,0.3401816969494916
SG_001634,0.569178196366061
SG_001636,0.9146941156859476
SG_001638,0.9369894982497082
SG_001647,0.6901150191698616
SG_001650,0.8592682113685615
SG_001653,0.5907234539089847
SG_001654,0.8637689614935822
SG_001658,0.7492498749791632
SG_001663,0.5813052175362561
SG_001667,0.28871478579763293
SG_001668,0.27317052842140355
SG_001670,0.05388398066344391
SG_001683,0.4609518253042174
SG_001686,0.6583180530088348
SG_001688,0.6799049841640273
SG_001689,0.27296216036006005
SG_001698,0.868853142190365
SG_001704,0.536964494082347
SG_001711,0.735705950991832
SG_001719,0.14973328888148024
SG_001720,0.03938156359393232
SG_001723,0.5945157526254375
SG_001726,0.6078096349391565
SG_001728,0.1822803800633439
SG_001731,0.20753458909818304
SG_001733,0.7269128188031339
SG_001734,0.33788964827471246
SG_001735,0.7045340890148358
SG_001737,0.9115269211535256
SG_001738,0.8951908651441908
SG_001739,0.30830138356392733
SG_001740,0.3876479413235539
SG_001744,0.5823887314552426
SG_001745,0.49574929154859143
SG_001750,0.4758709784964161
SG_001751,0.7657109518253042
SG_001761,0.7673778963160526
SG_001767,0.12872978829804968
SG_001768,0.8746041006834473
SG_001769,0.17907151191865311
SG_001776,0.9050258376396065
SG_001786,0.00887647941323554
SG_001788,0.47616269378229703
SG_001789,0.690948491415236
SG_001790,0.19869978329721621
SG_001791,0.4935822637106184
SG_001792,0.6502333722287048
SG_001793,0.31955325887647945
SG_001796,0.38639773295549257
SG_001797,0.34797466244374065
SG_001803,0.2729204867477913
SG_001804,0.21670278379729957
SG_001806,0.5897649608268044
SG_001811,0.3823553925654276
SG_001815,0.8360560093348891
SG_001819,0.3721036839473246
SG_001824,0.3368478079679947
SG_001825,0.8767294549091514
SG_001827,0.5127937989664945
SG_001830,0.5337556259376564
SG_001831,0.33472245374229037
SG_001833,0.9029838306384398
SG_001836,0.2168694782463744
SG_001844,0.8580180030005
SG_001846,0.2943823970661777
SG_001847,0.542465410901817
SG_001848,0.8737289548258043
SG_001849,0.8671445240873479
SG_001851,0.04492415402567094
SG_001858,0.6305217536256043
SG_001860,0.12856309384897485
SG_001862,0.727912985497583
SG_001864,0.1393982330388398
SG_001865,0.2882563760626771
SG_001867,0.873478913152192
SG_001872,0.13631438573095517
SG_001876,0.1928654775795966
SG_001877,0.8750208368061344
SG_001883,0.7910068344724122
SG_001884,0.23353892315385896
SG_001885,0.30884314052342055
SG_001886,0.8928571428571429
SG_001888,0.18982330388398067
SG_001890,0.49408234705784293
SG_001892,0.48103850641773627
SG_001893,0.8732288714785797
SG_001894,0.5813885647607935
SG_001895,0.9900816802800466
SG_001897,0.5352558759793299
SG_001901,0.3982747124520754
SG_001903,0.4560760126687781
SG_001904,0.18619769961660276
SG_001906,0.3071345224204034
SG_001909,0.6333555592598766
SG_001912,0.3682280380063344
SG_001914,0.2267044507417903
SG_001915,0.4972495415902651
SG_001919,0.8468494749124853
SG_001924,0.4035672612102017
SG_001925,0.24883313885647607
SG_001928,0.6721120186697782
SG_001930,0.3133855642607101
SG_001932,0.31242707117852975
SG_001933,0.4469078179696616
SG_001934,0.06263543923987332
SG_001936,0.04304884147357893
SG_001947,0.2154942490415069
SG_001953,0.9214869144857477
SG_001954,0.15827637939656608
SG_001955,0.8862310385064178
SG_001963,0.5727621270211702
SG_001971,0.9134439073178864
SG_001975,0.40735955992665446
SG_001976,0.4219036506084347
SG_001977,0.765585930988498
SG_001980,0.14581596932822138
SG_001981,0.03404734122353725
SG_001982,0.7041590265044174
SG_001990,0.3104267377896316
SG_001999,0.33476412735455907
SG_002000,0.6738623103850642
SG_002002,0.9614935822637106
SG_002004,0.8545174195699283
SG_002008,0.8991081846974496
SG_002009,0.4296132688781464
SG_002016,0.8535172528754793
SG_002021,0.2875062510418403
SG_002024,0.6478579763293882
SG_002027,0.8782297049508252
SG_002037,0.683988998166361
SG_002038,0.4847891315219203
SG_002039,0.6726121020170028
SG_002044,0.6794049008168027
SG_002045,0.20828471411901983
SG_002048,0.026212702117019506
SG_002050,0.8788131355225871
SG_002052,0.4894149024837473
SG_002063,0.45228371395232536
SG_002067,0.9722870478413069
SG_002068,0.4801633605600934
SG_002069,0.10410068344724122
SG_002074,0.2085347557926321
SG_002075,0.21699449908318053
SG_002078,0.08180530088348058
SG_002081,0.14873312218703116
SG_002090,0.7414152358726455
SG_002097,0.8598099683280547
SG_002103,0.407276212702117
SG_002105,0.8528088014669113
SG_002110,0.20249208201366894
SG_002122,0.6007667944657442
SG_002123,0.5219203200533422
SG_002125,0.9121103517252875
SG_002129,0.8713952325387565
SG_002131,0.7795049174862477
SG_002137,0.44032338723120523
SG_002142,0.9044424070678447
SG_002150,0.5859726621103517
SG_002151,0.7418319719953326
SG_002152,0.5598016336056009
SG_002166,0.24149858309718286
SG_002171,0.5328804800800133
SG_002172,0.2727954659109852
SG_002176,0.4383647274545758
SG_002177,0.7526254375729289
SG_002181,0.8094682447074512
SG_002184,0.39460743457242875
SG_002185,0.9529088181363561
SG_002186,0.13785630938489749
SG_002191,0.39781630271711954
SG_002192,0.4849141523587264
SG_002194,0.6142273712285381
SG_002200,0.15990165027504583
SG_002209,0.7854642440406735
SG_002213,0.2875062510418403
SG_002220,0.2347474579096516
SG_002223,0.4525754292382064
SG_002227,0.22287047841306884
SG_002228,0.12114519086514419
SG_002233,0.6623603933988998
SG_002241,0.8485580930155026
SG_002248,0.850516752792132
SG_002251,0.9217786297716287
SG_002252,0.5048341390231705
SG_002254,0.6881146857809636
SG_002255,0.69469911651942
SG_002260,0.9700366727787965
SG_002262,0.41148524754125687
SG_002263,0.07151191865310885
SG_002266,0.3024254042340391
SG_002270,0.30142523753958994
SG_002277,0.42340390065010836
SG_002278,0.11893648941490248
SG_002280,0.5305884314052343
SG_002281,0.4898733122187031
SG_002283,0.4496999499916653
SG_002284,0.9453242207034507
SG_002286,0.48103850641773627
SG_002288,0.13560593432238707
SG_002291,0.7114519086514419
SG_002292,0.3060926821136856
SG_002294,0.47366227704617436
SG_002296,0.4317802967161194
SG_002298,0.3362643773962327
SG_002301,0.2811301883647275
SG_002304,0.7787131188531422
SG_002311,0.449741623603934
SG_002319,0.8736039339889982
SG_002320,0.2452075345890982
SG_002322,0.4970411735289215
SG_002324,0.4076929488248041
SG_002328,0.6728204700783463
SG_002332,0.2847974662443741
SG_002341,0.9381146857809635
SG_002346,0.25341723620603435
SG_002347,0.4241540256709452
SG_002352,0.25758459743290546
SG_002357,0.32192865477579596
SG_002361,0.43132188698116347
SG_002370,0.09680780130021671
SG_002371,0.8079679946657776
SG_002372,0.15235872645440907
SG_002373,0.3205117519586598
SG_002374,0.19399066511085183
SG_002375,0.3619769961660277
SG_002381,0.3933988998166361
SG_002385,0.07409568261376895
SG_002387,0.43382230371728614
SG_002390,0.9309884980830139
SG_002391,0.12031171861976997
SG_002392,0.23803967327887982
SG_002394,0.7806301050175029
SG_002396,0.26575262543757294
SG_002401,0.39502417069511586
SG_002402,0.18061343557259543
SG_002404,0.5806801133522254
SG_002407,0.1830721786964494
SG_002410,0.35947657942990496
SG_002419,0.6831971995332555
SG_002421,0.6141856976162694
SG_002422,0.3070095015835973
SG_002423,0.9435739289881647
SG_002429,0.34526587764627437
SG_002430,0.4933322220370062
SG_002434,0.8831888648108018
SG_002437,0.7074512418736456
SG_002442,0.3376396066011002
SG_002444,0.09901650275045842
SG_002447,0.42565427571261877
SG_002448,0.21716119353225538
SG_002450,0.9525754292382065
SG_002453,0.3710201700283381
SG_002454,0.587514585764294
SG_002455,0.6311051841973663
SG_002456,0.7622520420070011
SG_002458,0.5275045840973496
SG_002459,0.7644607434572428
SG_002460,0.6608184697449576
SG_002462,0.0931405234205701
SG_002464,0.5244624104017336
SG_002466,0.6789048174695782
SG_002475,0.6681946991165194
SG_002477,0.5212118686447742
SG_002479,0.5894315719286548
SG_002482,0.6099766627771295
SG_002483,0.7786714452408735
SG_002486,0.7132438739789965
SG_002490,0.9105684280713453
SG_002493,0.25245874312385397
SG_002495,0.7865894315719286
SG_002498,0.08784797466244373
SG_002500,0.5553842307051176
SG_002502,0.289714952492082
SG_002507,0.6248541423570595
SG_002509,0.43707284547424574
SG_002517,0.6584430738456409
SG_002520,0.5075845974329055
SG_002522,0.5357559593265544
SG_002526,0.1222703783963994
SG_002529,0.0739289881646941
SG_002532,0.10005834305717619
SG_002539,0.15140023337222872
SG_002541,0.1229371561926988
SG_002544,0.2124937489581597
SG_002545,0.5369228204700783
SG_002546,0.6437739623270545
SG_002548,0.8869394899149858
SG_002555,0.7472078679779963
SG_002559,0.3580596766127688
SG_002568,0.0731371895315886
SG_002572,0.8190115019169861
SG_002573,0.20982663777296218
SG_002577,0.37993832305384234
SG_002580,0.6274379063177197
SG_002583,0.5225870978496416
SG_002586,0.4772045340890148
SG_002587,0.6179363227204534
SG_002588,0.09193198866477745
SG_002594,0.22774629104850808
SG_002596,0.23278879813302217
SG_002597,0.06426071011835306
SG_002599,0.31592765460910155
SG_002600,0.6666527754625772
SG_002601,0.0323803967327888
SG_002605,0.6093098849808302
SG_002613,0.5164194032338724
SG_002615,0.6688198033005501
SG_002618,0.04629938323053842
SG_002622,0.11218536422737123
SG_002627,0.4995415902650442
SG_002628,0.4419069844974163
SG_002630,0.11718619769961659
SG_002633,0.6712368728121354
SG_002638,0.12997999666611104
SG_002649,0.7467077846307718
SG_002650,0.3783547257876313
SG_002652,0.16061010168361395
SG_002653,0.4082763793965661
SG_002654,0.2870895149191532
SG_002657,0.3757709618269712
SG_002664,0.6433155525920987
SG_002665,0.16431905317552925
SG_002666,0.4149858309718287
SG_002667,0.5342140356726122
SG_002672,0.7872145357559592
SG_002673,0.6690698449741623
SG_002674,0.4607851308551425
SG_002675,0.44799133188864815
SG_002680,0.8899816636106018
SG_002684,0.7118269711618603
SG_002688,0.8946907817969662
SG_002689,0.17444574095682613
SG_002691,0.2938406401066844
SG_002693,0.9559926654442407
SG_002699,0.39694115685947656
SG_002701,0.6566511085180864
SG_002705,0.7169528254709119
SG_002720,0.051175195865977664
SG_002731,0.4687031171861977
SG_002733,0.1626937822970495
SG_002735,0.14952492082013671
SG_002736,0.7272878813135522
SG_002738,0.1284380730121687
SG_002742,0.8178863143857309
SG_002746,0.11143523920653442
SG_002748,0.0764294049008168
SG_002752,0.19874145690948491
SG_002755,0.28758959826637776
SG_002757,0.3490165027504584
SG_002759,0.44028171361893653
SG_002767,0.3566844474079013
SG_002770,0.8220536756126021
SG_002773,0.9535755959326554
SG_002777,0.8183447241206867
SG_002782,0.029796632772128684
SG_002783,0.23428904817469579
SG_002785,0.1700283380563427
SG_002788,0.5950991831971996
SG_002789,0.5512168694782464
SG_002793,0.3102600433405568
SG_002796,0.336806134355726
SG_002798,0.6044757459576596
SG_002809,0.8485580930155024
SG_002814,0.8198866477746292
SG_002820,0.2394149024837473
SG_002825,0.9251958659776629
SG_002827,0.5406317719619936
SG_002829,0.3649774962493749
SG_002832,0.8948158026337723
SG_002834,0.07334555759293215
SG_002840,0.5464244040673445
SG_002842,0.4273628938156359
SG_002843,0.3650191698616436
SG_002849,0.8487247874645774
SG_002850,0.3525170861810302
SG_002853,0.3743123853975663
SG_002875,0.9860393398899816
SG_002882,0.9314469078179697
SG_002887,0.9566177696282714
SG_002891,0.700741790298383
SG_002896,0.45907651275212535
SG_002904,0.48637272878813137
SG_002906,0.8787714619103184
SG_002907,0.5155859309884981
SG_002910,0.9384897482913819
SG_002918,0.2851725287547925
SG_002926,0.2812135355892649
SG_002930,0.41419403233872315
SG_002932,0.35068344724120687
SG_002937,0.6096849474912486
SG_002939,0.5712618769794966
SG_002943,0.11289381563593931
SG_002944,0.2637106184364061
SG_002947,0.13585597599599933
SG_002949,0.46282713785630936
SG_002950,0.05963493915652608
SG_002952,0.2324970828471412
SG_002954,0.7280796799466577
SG_002955,0.9173612268711452
SG_002958,0.7297049508251376
SG_002960,0.35393398899816636
SG_002964,0.7397482913818969
SG_002967,0.5464660776796133
SG_002972,0.9610768461410235
SG_002982,0.9282380396732789
SG_002985,0.8503083847307884
SG_002989,0.587514585764294
SG_002999,0.11381063510585099
SG_003002,0.44536589431571927
SG_003008,0.6152692115352558
SG_003023,0.09905817636272712
SG_003024,0.3271795299216536
SG_003026,0.8816886147691282
SG_003028,0.8003417236206034
SG_003030,0.820636772795466
SG_003031,0.45690948491415234
SG_003037,0.06563593932322054
SG_003042,0.44069844974162364
SG_003043,0.34109851641940325
SG_003044,0.844307384564094
SG_003045,0.3723537256209368
SG_003048,0.3184280713452242
SG_003049,0.1932822137022837
SG_003051,0.16069344890815135
SG_003052,0.42265377562927153
SG_003059,0.9343223870645108
SG_003062,0.11193532255375895
SG_003065,0.14294049008168028
SG_003067,0.15294215702617103
SG_003071,0.2353725620936823
SG_003072,0.5630938489748292
SG_003073,0.5068344724120687
SG_003075,0.5337556259376564
SG_003080,0.20457576262710453
SG_003082,0.5992665444240707
SG_003084,0.8478496416069344
SG_003085,0.4174862477079514
SG_003088,0.4647857976329388
SG_003089,0.5891815302550425
SG_003096,0.3757292882147024
SG_003097,0.815135855975996
SG_003102,0.5353392232038673
SG_003105,0.9309051508584764
SG_003107,0.013460576762793799
SG_003111,0.5264627437906317
SG_003116,0.46216036006001
SG_003118,0.3779796632772129
SG_003125,0.0021670278379729954
SG_003127,0.31284380730121686
SG_003133,0.8125520920153358
SG_003135,0.2482497082847141
SG_003137,0.6876562760460077
SG_003138,0.329721620270045
SG_003139,0.9634105684280714
SG_003141,0.8633938989831639
SG_003144,0.83505584264044
SG_003151,0.7448324720786799
SG_003154,0.8055509251541924
SG_003158,0.9047757959659943
SG_003160,0.2528754792465411
SG_003164,0.8873145524254042
SG_003168,0.2760043340556759
SG_003169,0.11081013502250375
SG_003174,0.009459909984997501
SG_003179,0.8810218369728289
SG_003184,0.21666111018503081
SG_003186,0.05521753625604267
SG_003193,0.6450658443073846
SG_003196,0.2448741456909485
SG_003198,0.6598183030505084
SG_003201,0.9039839973328889
SG_003204,0.6446074345724288
SG_003205,0.386189364894149
SG_003206,0.24933322220370063
SG_003211,0.8146357726287714
SG_003214,0.3993165527587932
SG_003215,0.3441823637272879
SG_003216,0.6524004000666779
SG_003217,0.38881480246707784
SG_003219,0.42677946324387395
SG_003226,0.5992665444240707
SG_003227,0.9079429904984164
SG_003230,0.798966494415736
SG_003231,0.696991165194199
SG_003232,0.10897649608268045
SG_003234,0.09855809301550258
SG_003239,0.4350308384730789
SG_003241,0.3216786131021837
SG_003243,0.2449158193032172
SG_003250,0.22762127021170192
SG_003253,0.5146274379063177
SG_003256,0.429529921653609
SG_003259,0.20307551258543088
SG_003266,0.9547841306884481
SG_003272,0.8597266211035173
SG_003273,0.29088181363560595
SG_003281,0.023295549258209702
SG_003284,0.4923320553425571
SG_003288,0.013293882313718954
SG_003293,0.24883313885647607
SG_003294,0.6822387064510752
SG_003295,0.8233038839806635
SG_003296,0.08022170361726955
SG_003301,0.8373062177029506
SG_003304,0.30909318219703286
SG_003305,0.5958076346057677
SG_003307,0.5674279046507752
SG_003310,0.5580096682780464
SG_003314,0.6970745124187365
SG_003321,0.2401650275045841
SG_003325,0.490331721953659
SG_003328,0.6181030171695283
SG_003331,0.8032588764794132
SG_003332,0.7777546257709618
SG_003333,0.8733955659276547
SG_003340,0.6645690948491416
SG_003341,0.8813968994832472
SG_003342,0.7870478413068844
SG_003349,0.4284047341223537
SG_003355,0.3811468578096349
SG_003357,0.9494915819303217
SG_003361,0.1720703450575096
SG_003370,0.8859809968328055
SG_003371,0.8150525087514586
SG_003373,0.5622187031171862
SG_003374,0.8327221203533922
SG_003379,0.45145024170695114
SG_003388,0.1658609768294716
SG_003389,0.8239706617769628
SG_003390,0.04000666777796299
SG_003391,0.8553508918153025
SG_003392,0.15698449741623602
SG_003393,0.8980246707784632
SG_003397,0.018669778296382732
SG_003398,0.37872978829804965
SG_003399,0.5139189864977496
SG_003402,0.6806134355725955
SG_003404,0.33343057176196034
SG_003407,0.19349058176362727
SG_003408,0.6242707117852976
SG_003422,0.0975579263210535
SG_003426,0.5045007501250208
SG_003430,0.44424070678446403
SG_003434,0.10601766961160194
SG_003437,0.6602350391731955
SG_003439,0.16981996999499915
SG_003440,0.4692032005334223
SG_003441,0.004500750125020837
SG_003444,0.5500083347224537
SG_003447,0.7653775629271546
SG_003452,0.24008168028004667
SG_003453,0.9750791798633105
SG_003464,0.4897899649941657
SG_003469,0.17748791465244207
SG_003475,0.6599849974995833
SG_003477,0.8115519253208869
SG_003479,0.4279046507751292
SG_003480,0.4990831805300883
SG_003482,0.8292215369228205
SG_003483,0.9489498249708286
SG_003485,0.20432572095349227
SG_003486,0.7941323553925654
SG_003489,0.012668778129688281
SG_003491,0.1731955325887648
SG_003492,0.2901733622270378
SG_003493,0.3035505917652942
SG_003501,0.6698616436072677
SG_003505,0.8335555925987664
SG_003509,0.08326387731288548
SG_003517,0.6279379896649442
SG_003521,0.449158193032172
SG_003526,0.040506751125187535
SG_003528,0.1441073512252042
SG_003532,0.27121186864477415
SG_003535,0.15006667777962995
SG_003538,0.4326137689614936
SG_003541,0.06909484914152358
SG_003545,0.3348474745790965
SG_003548,0.38060510085014165
SG_003549,0.515585930988498
SG_003554,0.05338389731621937
SG_003557,0.9607851308551425
SG_003566,0.5760126687781297
SG_003568,0.3500583430571762
SG_003572,0.5380896816136023
SG_003575,0.6423153858976496
SG_003578,0.28538089681613604
SG_003584,0.11239373228871477
SG_003585,0.3419736622770462
SG_003588,0.8624770795132521
SG_003589,0.17848808134689118
SG_003594,0.8781880313385565
SG_003597,0.4520753458909818
SG_003598,0.6008918153025504
SG_003601,0.6925737622937156
SG_003603,0.7527921320220037
SG_003610,0.36351891981997
SG_003611,0.05834305717619603
SG_003613,0.6131855309218203
SG_003618,0.4963327221203534
SG_003619,0.19457409568261375
SG_003620,0.9304467411235207
SG_003625,0.9012752125354225
SG_003627,0.37593765627604603
SG_003628,0.591723620603434
SG_003629,0.2420820136689448
SG_003637,0.9448241373562261
SG_003648,0.0028754792465410903
SG_003650,0.3003417236206034
SG_003666,0.5558009668278046
SG_003668,0.8042173695615935
SG_003670,0.6933655609268212
SG_003671,0.020961826971161862
SG_003689,0.41294382397066176
SG_003691,0.1775712618769795
SG_003699,0.8398899816636106
SG_003702,0.3576846141023504
SG_003704,0.2463743957326221
SG_003705,0.5422570428404734
SG_003706,0.7151191865310884
SG_003708,0.23862310385064178
SG_003710,0.09626604434072346
SG_003711,0.0971411901983664
SG_003714,0.18798966494415736
SG_003715,0.7252042007001167
SG_003722,0.9065260876812803
SG_003745,0.5655942657109518
SG_003746,0.3038839806634439
SG_003751,0.1306884480746791
SG_003754,0.7291215202533756
SG_003757,0.8218869811635272
SG_003758,0.6323553925654276
SG_003765,0.08622270378396399
SG_003767,0.04538256376062678
SG_003768,0.2680863477246208
SG_003769,0.28721453575595934
SG_003777,0.6962410401733622
SG_003783,0.11231038506417736
SG_003786,0.30513418903150524
SG_003787,0.2827971328554759
SG_003788,0.23345557592932156
SG_003792,0.22337056176029338
SG_003795,0.5241706951158527
SG_003806,0.5533838973162193
SG_003807,0.7110768461410235
SG_003809,0.6210618436406068
SG_003810,0.22928821470245042
SG_003812,0.7576679446574429
SG_003820,0.5155025837639606
SG_003822,0.6958659776629439
SG_003829,0.8472245374229038
SG_003835,0.07484580763460577
SG_003843,0.9581596932822137
SG_003844,0.6449408234705784
SG_003851,0.0614685780963494
SG_003852,0.7986331055175863
SG_003856,0.4636189364894149
SG_003860,0.7044924154025671
SG_003863,0.4689114852475413
SG_003865,0.6652358726454408
SG_003868,0.6170195032505419
SG_003869,0.06676112685447574
SG_003874,0.5714702450408402
SG_003878,0.9146107684614102
SG_003880,0.6027671278546425
SG_003881,0.46228538089681614
SG_003886,0.30455075845974333
SG_003896,0.5391315219203201
SG_003904,0.660318386397733
SG_003905,0.7601266877812969
SG_003906,0.25962660443407237
SG_003907,0.41281880313385566
SG_003908,0.24974995832638772
SG_003910,0.8555592598766462
SG_003917,0.6125604267377895
SG_003919,0.7760876812802133
SG_003920,0.7542923820636773
SG_003921,0.15206701116852808
SG_003922,0.9284464077346224
SG_003925,0.2963410568428071
SG_003926,0.28867311218536423
SG_003935,0.26266877812968825
SG_003937,0.7082430405067512
SG_003940,0.5762627104517419
SG_003941,0.29817469578263045
SG_003945,0.8931488581430238
SG_003951,0.9685364227371228
SG_003958,0.06376062677112852
SG_003959,0.10255875979329888
SG_003961,0.8415569261543591
SG_003966,0.43348891481913654
SG_003967,0.36964494082347055
SG_003969,0.3881480246707785
SG_003972,0.5758459743290548
SG_003977,0.86351891981997
SG_003978,0.08280546757792966
SG_003979,0.8425987664610768
SG_003988,0.07947157859643274
SG_003992,0.7997999666611102
SG_003994,0.19982497082847142
SG_003995,0.881563593932322
SG_004001,0.4205284214035673
SG_004002,0.2463327221203534
SG_004011,0.2612102017002834
SG_004012,0.23112185364227372
SG_004016,0.9517002833805634
SG_004019,0.9419903317219536
SG_004034,0.8982330388398067
SG_004036,0.43732288714785794
SG_004041,0.8821886981163527
SG_004042,0.38273045507584597
SG_004045,0.07538756459409901
SG_004048,0.9540340056676112
SG_004049,0.026671111851975328
SG_004050,0.7883813968994834
SG_004054,0.6503583930655109
SG_004060,0.4963327221203534
SG_004063,0.23849808301383563
SG_004064,0.42344557426237706
SG_004065,0.8444324054009003
SG_004066,0.151066844474079
SG_004071,0.16177696282713785
SG_004074,0.19157359559926657
SG_004078,0.8848141356892815
SG_004079,0.1677779629938323
SG_004080,0.6009751625270878
SG_004081,0.715327554592432
SG_004083,0.9233622270378397
SG_004087,0.4676612768794799
SG_004089,0.3104684114019003
SG_004091,0.12114519086514419
SG_004093,0.9134022337056176
SG_004094,0.8072595432572096
SG_004100,0.23599766627771293
SG_004107,0.3817302883813969
SG_004109,0.6726121020170028
SG_004110,0.6793215535922654
SG_004111,0.495374229038173
SG_004123,0.10535089181530255
SG_004126,0.12364560760126686
SG_004127,0.007501250208368062
SG_004129,0.5817636272712119
SG_004130,0.2612935489248208
SG_004131,0.9024837472912152
SG_004136,0.10951825304217369
SG_004140,0.5094599099849975
SG_004149,0.169694949158193
SG_004152,0.8409318219703283
SG_004155,0.7292465410901817
SG_004157,0.19878313052175361
SG_004163,0.2148274712452075
SG_004164,0.368853142190365
SG_004168,0.40190031671945325
SG_004170,0.5098766461076847
SG_004171,0.19849141523587266
SG_004174,0.2777546257709618
SG_004175,0.30596766127687947
SG_004178,0.08968161360226705
SG_004181,0.843723953992332
SG_004184,0.570053342223704
SG_004186,0.5644274045674278
SG_004187,0.8979413235539256
SG_004191,0.3897316219369895
SG_004192,0.891231871978663
SG_004197,0.3285964327387898
SG_004201,0.8337222870478413
SG_004204,0.8801050175029171
SG_004207,0.49058176362727124
SG_004209,0.8953158859809969
SG_004214,0.7442073678946491
SG_004218,0.4067761293548925
SG_004220,0.1830305050841807
SG_004223,0.4468661443573929
SG_004224,0.5618436406067678
SG_004225,0.9943740623437238
SG_004228,0.4219036506084347
SG_004229,0.3744374062343724
SG_004230,0.2724620770128355
SG_004235,0.1862810468411402
SG_004238,0.6431905317552926
SG_004239,0.985997666277713
SG_004244,0.7151608601433572
SG_004253,0.6971161860310052
SG_004256,0.34114019003167195
SG_004257,0.7803800633438907
SG_004258,0.21128521420236704
SG_004262,0.9081930321720287
SG_004263,0.1911151858643107
SG_004265,0.2277879646607768
SG_004268,0.14277379563260545
SG_004269,0.6983663943990664
SG_004271,0.1651941990331722
SG_004286,0.5776796132688782
SG_004289,0.15015002500416738
SG_004290,0.8434322387064511
SG_004291,0.8441406901150191
SG_004297,0.5699283213868979
SG_004300,0.6704450741790299
SG_004302,0.8230121686947824
SG_004305,0.3842723787297883
SG_004306,0.5260043340556759
SG_004312,0.38393898983163866
SG_004313,0.2892982163693949
SG_004315,0.7990498416402734
SG_004320,0.15123353892315386
SG_004321,0.848474745790965
SG_004322,0.45020003333888986
SG_004325,0.6054759126521088
SG_004326,0.6313552258709785
SG_004339,0.1813218869811635
SG_004342,0.6545257542923819
SG_004347,0.6765710951825304
SG_004348,0.9748708118019669
SG_004349,0.7436239373228871
SG_004350,0.8775212535422571
SG_004357,0.14060676779463244
SG_004358,0.512710451741957
SG_004359,0.268628104684114
SG_004362,0.880855142523754
SG_004365,0.2947991331888648
SG_004368,0.8508501416902818
SG_004369,0.8223453908984831
SG_004370,0.16902817136189366
SG_004378,0.6196866144357392
SG_004379,0.3999833305550925
SG_004388,0.7507501250208368
SG_004390,0.24299883313885645
SG_004391,0.4173612268711452
SG_004401,0.2219119853308885
SG_004404,0.9598683113852309
SG_004405,0.6827387897982997
SG_004406,0.29138189698283046
SG_004408,0.4922903817302884
SG_004415,0.45120020003333894
SG_004417,0.2307467911318553
SG_004419,0.42727954659109846
SG_004420,0.9537006167694615
SG_004422,0.2736706117686281
SG_004423,0.08813968994832473
SG_004426,0.22562093682280382
SG_004427,0.3742290381730289
SG_004429,0.6745290881813635
SG_004432,0.13181363560593432
SG_004439,0.9416152692115352
SG_004445,0.5594682447074513
SG_004447,0.7276629438239707
SG_004448,0.16736122687114516
SG_004451,0.6429404900816803
SG_004457,0.7777546257709618
SG_004458,0.008001333555592599
SG_004460,0.2747541256876146
SG_004461,0.9707867977996333
SG_004462,0.017086181030171694
SG_004464,0.3497249541590265
SG_004465,0.44036506084347393
SG_004469,0.07380396732788798
SG_004474,0.5064177362893815
SG_004475,0.18348891481913654
SG_004476,0.1372312052008668
SG_004477,0.7153692282047007
SG_004480,0.9756209368228038
SG_004482,0.6080180030005001
SG_004484,0.37968828138023003
SG_004486,0.18473912318719787
SG_004494,0.9242790465077513
SG_004504,0.29592432072012
SG_004508,0.26841973662277047
SG_004509,0.8626854475745958
SG_004511,0.7196199366561093
SG_004514,0.5968494749124854
SG_004515,0.7881730288381397
SG_004518,0.6403150525087515
SG_004521,0.20749291548591434
SG_004526,0.801258543090515
SG_004530,0.6945740956826137
SG_004534,0.7101183530588432
SG_004536,0.17307051175195864
SG_004538,0.34801633605600935
SG_004539,0.9780380063343891
SG_004541,0.4832055342557092
SG_004549,0.49449908318053004
SG_004552,0.4761626937822971
SG_004553,0.11797799633272212
SG_004556,0.29171528588098017
SG_004559,0.33259709951658606
SG_004562,0.4537422903817303
SG_004565,0.14214869144857475
SG_004568,0.268628104684114
SG_004576,0.23678946491081848
SG_004577,0.22299549924987497
SG_004593,0.8488914819136522
SG_004594,0.7586264377396232
SG_004600,0.8578929821636939
SG_004602,0.9929988331388564
SG_004608,0.35814302383730623
SG_004609,0.6270211701950325
SG_004612,0.28771461910318386
SG_004614,0.08530588431405234
SG_004617,0.4693698949824971
SG_004620,0.1320636772795466
SG_004623,0.43261376896149356
SG_004626,0.71895315885981
SG_004631,0.7421653608934823
SG_004632,0.19515752625437574
SG_004633,0.4691198533088848
SG_004635,0.42873812302050346
SG_004637,0.3932322053675612
SG_004638,0.34580763460576763
SG_004641,0.8004667444574096
SG_004645,0.5279629938323054
SG_004652,0.29996666111018505
SG_004653,0.16281880313385563
SG_004655,0.7555842640440074
SG_004656,0.24379063177196203
SG_004658,0.22024504084014002
SG_004659,0.2705867644607435
SG_004662,0.5412568761460244
SG_004664,0.41277712952158696
SG_004668,0.321636939489915
SG_004669,0.22799633272212033
SG_004672,0.9458659776629438
SG_004676,0.5815135855975996
SG_004682,0.19419903317219536
SG_004685,0.9788298049674946
SG_004689,0.6161443573928987
SG_004695,0.17702950491748626
SG_004697,0.3746041006834473
SG_004700,0.4214452408734789
SG_004701,0.7774212368728122
SG_004709,0.6443157192865476
SG_004710,0.22757959659943322
SG_004712,0.15694282380396735
SG_004716,0.5687614602433739
SG_004720,0.1531921986997833
SG_004721,0.23183030505084182
SG_004723,0.6314385730955159
SG_004731,0.8917736289381564
SG_004736,0.7499583263877313
SG_004737,0.9702867144524088
SG_004738,0.6546507751291881
SG_004739,0.786672778796466
SG_004742,0.4516586097682947
SG_004751,0.8777296216036006
SG_004753,0.04121520253375562
SG_004755,0.8536006001000167
SG_004757,0.23808134689114852
SG_004760,0.16831971995332556
SG_004761,0.14548258043007167
SG_004762,0.3715619269878313
SG_004763,0.6961576929488248
SG_004764,0.5966827804634106
SG_004766,0.6303550591765295
SG_004769,0.3466411068511419
SG_004772,0.2055759293215536
SG_004773,0.3551008501416903
SG_004782,0.1746541090181697
SG_004784,0.5827637939656609
SG_004786,0.8176362727121187
SG_004787,0.5184197366227704
SG_004789,0.07684614102350391
SG_004797,0.3399316552758793
SG_004798,0.7168278046341057
SG_004799,0.965910985164194
SG_004801,0.9192365394232371
SG_004804,0.7908401400233372
SG_004813,0.4354892482080347
SG_004816,0.9091098516419404
SG_004817,0.25312552092015334
SG_004818,0.7457492915485915
SG_004821,0.3884814135689282
SG_004827,0.4282797132855476
SG_004828,0.3098849808301384
SG_004829,0.641106851141857
SG_004830,0.946407734622437
SG_004831,0.49429071511918654
SG_004836,0.15556759459909983
SG_004840,0.16911151858643106
SG_004842,0.4875395899316553
SG_004844,0.1415235872645441
SG_004846,0.764294049008168
SG_004853,0.23741456909484915
SG_004855,0.7665027504584098
SG_004856,0.1269794965827638
SG_004866,0.16677779629938322
SG_004867,0.06501083513918987
SG_004868,0.9831221870311719
SG_004873,0.7210785130855143
SG_004877,0.3065927654609102
SG_004881,0.34864144024004
SG_004882,0.7701283547257877
SG_004887,0.8424737456242706
SG_004898,0.9719119853308885
SG_004900,0.5653025504250708
SG_004906,0.9176946157692949
SG_004907,0.36793632272045346
SG_004912,0.6888648108018003
SG_004913,0.2788381396899483
SG_004919,0.10930988498083015
SG_004922,0.8028004667444575
SG_004923,0.6801966994499083
SG_004925,0.4839556592765461
SG_004927,0.3473912318719786
SG_004929,0.8088014669111518
SG_004930,0.8270128354725788
SG_004939,0.7531255209201533
SG_004942,0.041256876146024336
SG_004944,0.2562927154525754
SG_004945,0.20261710285047507
SG_004959,0.7515419236539423
SG_004960,0.68240540090015
SG_004964,0.1626521086847808
SG_004968,0.9132355392565428
SG_004969,0.45886814469078185
SG_004973,0.9324054009001499
SG_004975,0.56209368228038
SG_004981,0.7152858809801633
SG_004985,0.7834222370395065
SG_004988,0.4346557759626604
SG_004990,0.3819803300550092
SG_004993,0.34139023170528426
SG_004997,0.06313552258709786
SG_005000,0.13443907317886314
SG_005002,0.9566177696282714
SG_005004,0.8610601766961161
SG_005011,0.06709451575262544
SG_005013,0.18628104684114022
SG_005018,0.6200616769461577
SG_005019,0.30513418903150524
SG_005020,0.13414735789298216
SG_005022,0.12035339223203867
SG_005027,0.3562260376729455
SG_005029,0.17261210201700283
SG_005030,0.05121686947824637
SG_005031,0.17048674779129855
SG_005033,0.016002667111185198
SG_005037,0.13310551758626438
SG_005041,0.16711118519753293
SG_005048,0.5483413902317054
SG_005049,0.2700033338889815
SG_005052,0.3098849808301384
SG_005057,0.4106517752958827
SG_005058,0.41706951158526423
SG_005062,0.910318386397733
SG_005080,0.28779796632772126
SG_005085,0.31888648108018003
SG_005086,0.7815469244874147
SG_005089,0.8215535922653776
SG_005090,0.0443823970661777
SG_005091,0.9544090681780296
SG_005094,0.4194032338723121
SG_005097,0.7428321386897816
SG_005098,0.4583263877312886
SG_005100,0.7423320553425571
SG_005101,0.7890481746957826
SG_005102,0.6886147691281881
SG_005108,0.950325054175696
SG_005110,0.932113685614269
SG_005114,0.22066177696282716
SG_005120,0.2716702783797299
SG_005122,0.41386064344057344
SG_005123,0.316011001833639
SG_005126,0.7526671111851975
SG_005131,0.0917236206034339
SG_005132,0.026796132688781463
SG_005134,0.2750458409734956
SG_005137,0.32080346724454073
SG_005140,0.4706201033505584
SG_005141,0.4359476579429905
SG_005142,0.5803883980663445
SG_005143,0.19349058176362727
SG_005148,0.9041923653942324
SG_005161,0.566011001833639
SG_005168,0.7660860143357225
SG_005170,0.14473245540923488
SG_005171,0.7284964160693449
SG_005174,0.30575929321553597
SG_005175,0.1910318386397733
SG_005178,0.6546507751291882
SG_005179,0.13373062177029504
SG_005188,0.6989081513585598
SG_005190,0.5984747457909652
SG_005191,0.28454742457076176
SG_005194,0.7640440073345558
SG_005196,0.25925154192365396
SG_005199,0.180530088348058
SG_005200,0.19032338723120518
SG_005203,0.3107601266877813
SG_005205,0.6671528588098016
SG_005213,0.0571345224204034
SG_005214,0.6705284214035672
SG_005216,0.9251541923653943
SG_005220,0.17036172695449242
SG_005224,0.407276212702117
SG_005228,0.5668028004667445
SG_005233,0.19082347057842974
SG_005235,0.6924904150691782
SG_005240,0.027837972995499248
SG_005241,0.6076846141023504
SG_005246,0.6399399899983331
SG_005247,0.37606267711285213
SG_005248,0.6271878646441074
SG_005250,0.4316969494915819
SG_005251,0.37685447574595765
SG_005253,0.16831971995332556
SG_005255,0.32842973828971495
SG_005264,0.8224287381230205
SG_005268,0.1022253708951492
SG_005270,0.5056259376562761
SG_005277,0.8714785797632938
SG_005282,0.03900650108351392
SG_005283,0.6902400400066678
SG_005284,0.6340223370561759
SG_005287,0.9350725120853476
SG_005289,0.8049258209701615
SG_005291,0.6074345724287381
SG_005292,0.1634022337056176
SG_005296,0.041506917819636606
SG_005302,0.4017752958826471
SG_005305,0.5859726621103518
SG_005311,0.5310051675279214
SG_005312,0.4791215202533755
SG_005313,0.5088348058009667
SG_005316,0.4414485747624604
SG_005320,0.735830971828638
SG_005321,0.7148274712452075
SG_005322,0.8573928988164694
SG_005323,0.6622770461743624
SG_005325,0.15002500416736123
SG_005328,0.4147357892982164
SG_005329,0.1161026837806301
SG_005332,0.7378313052175363
SG_005333,0.8566844474079014
SG_005335,0.34030671778629773
SG_005340,0.6568178029671612
SG_005341,0.3235955992665444
SG_005346,0.6737789631605268
SG_005350,0.9555759293215536
SG_005351,0.19528254709118184
SG_005353,0.14452408734789132
SG_005356,0.055509251541923654
SG_005360,0.9494915819303218
SG_005362,0.4167361226871145
SG_005363,0.19778296382730454
SG_005365,0.5633438906484414
SG_005371,0.5674695782630439
SG_005372,0.23824804134022337
SG_005376,0.8598933155525921
SG_005378,0.7067427904650775
SG_005379,0.10147524587431239
SG_005380,0.9550341723620602
SG_005384,0.8683113852308718
SG_005386,0.44311551925320886
SG_005387,0.9067344557426238
SG_005397,0.8446824470745125
SG_005401,0.8344724120686782
SG_005408,0.6652775462577096
SG_005412,0.3373062177029505
SG_005414,0.9199866644440741
SG_005421,0.520086681113519
SG_005424,0.2525837639606601
SG_005428,0.4899566594432405
SG_005432,0.35180863477246205
SG_005439,0.9536172695449242
SG_005444,0.25254209034839137
SG_005445,0.7094932488748125
SG_005446,0.44653275545924315
SG_005447,0.9652442073678946
SG_005449,0.39073178863143854
SG_005450,0.7764627437906317
SG_005451,0.5171695282547091
SG_005452,0.2755459243207201
SG_005456,0.476746124354059
SG_005457,0.11985330888481413
SG_005459,0.011876979496582764
SG_005460,0.1895732622103684
SG_005465,0.7208701450241707
SG_005466,0.7760043340556759
SG_005470,0.7192865477579596
SG_005473,0.7442490415069178
SG_005477,0.9058176362727121
SG_005486,0.23945657609601598
SG_005489,0.4191531921986998
SG_005491,0.7515419236539423
SG_005496,0.3561843640606768
SG_005497,0.784505750958493
SG_005499,0.8788131355225871
SG_005503,0.42665444240706785
SG_005504,0.12797966327721289
SG_005506,0.3552258709784964
SG_005510,0.28546424404067344
SG_005511,0.9755375895982663
SG_005515,0.17902983830638441
SG_005518,0.7887564594099017
SG_005519,0.9018586431071846
SG_005524,0.9114019003167194
SG_005529,0.8263877312885481
SG_005530,0.4351975329221537
SG_005531,0.2855475912652109
SG_005532,0.08368061343557259
SG_005534,0.9200283380563428
SG_005535,0.5335055842640439
SG_005541,0.52296216036006
SG_005542,0.2324970828471412
SG_005550,0.09768294715785963
SG_005555,0.4079429904984164
SG_005557,0.09893315552592098
SG_005565,0.6038089681613603
SG_005569,0.44536589431571927
SG_005572,0.1222703783963994
SG_005575,0.24766627771295216
SG_005579,0.9837056176029338
SG_005580,0.39656609434905815
SG_005583,0.26291881980330056
SG_005591,0.869728288048008
SG_005592,0.17273712285380896
SG_005593,0.5900983497249541
SG_005594,0.36935322553758965
SG_005599,0.5116686114352392
SG_005603,0.9192365394232374
SG_005606,0.34955825970995164
SG_005611,0.4762043673945658
SG_005615,0.9132355392565428
SG_005622,0.6649441573595599
SG_005625,0.4464910818469745
SG_005630,0.5848891481913653
SG_005634,0.31288548091348556
SG_005635,0.809051508584764
SG_005636,0.8437656276046007
SG_005638,0.6350641773628939
SG_005640,0.4874979163193866
SG_005643,0.20453408901483583
SG_005644,0.3324304050675112
SG_005645,0.695115852642107
SG_005650,0.7191615269211535
SG_005654,0.6792798799799966
SG_005655,0.05030005000833472
SG_005656,0.42727954659109857
SG_005661,0.9358226371061844
SG_005664,0.024337389564927488
SG_005666,0.7984664110685114
SG_005671,0.4029421570261711
SG_005681,0.3896066011001833
SG_005683,0.935155859309885
SG_005687,0.47724620770128356
SG_005688,0.4429904984164027
SG_005691,0.49304050675112515
SG_005692,0.7284547424570761
SG_005693,0.34059843307217874
SG_005694,0.9348224704117353
SG_005696,0.5241706951158527
SG_005703,0.2696282713785631
SG_005704,0.535380896816136
SG_005706,0.9240706784464078
SG_005707,0.7104934155692616
SG_005713,0.3798549758293049
SG_005715,0.25762627104517416
SG_005719,0.3493498916486081
SG_005722,0.07105350891815303
SG_005724,0.7552925487581263
SG_005725,0.33718119686614434
SG_005726,0.2386647774629105
SG_005730,0.8691031838639773
SG_005735,0.2837556259376563
SG_005736,0.6217286214369062
SG_005740,0.5059176529421571
SG_005748,0.6722370395065844
SG_005750,0.32734622437072847
SG_005753,0.5663443907317887
SG_005758,0.13885647607934656
SG_005759,0.3973995665944324
SG_005764,0.10818469744957493
SG_005765,0.011751958659776629
SG_005772,0.7275795965994333
SG_005773,0.05055009168194699
SG_005776,0.37281213535589264
SG_005778,0.9159859976662778
SG_005784,0.21961993665610935
SG_005786,0.27017002833805637
SG_005789,0.530463410568428
SG_005794,0.48408068011335226
SG_005796,0.44061510251708624
SG_005801,0.4821220203367228
SG_005807,0.07201200200033339
SG_005809,0.2551675279213202
SG_005811,0.36006001000166693
SG_005813,0.10680946824470744
SG_005814,0.6584014002333722
SG_005817,0.10355892648774795
SG_005818,0.26671111851975327
SG_005820,0.2449574929154859
SG_005821,0.37360393398899816
SG_005824,0.30050841806967826
SG_005825,0.2129104850808468
SG_005827,0.28721453575595934
SG_005828,0.6173528921486915
SG_005830,0.5503000500083347
SG_005838,0.9412402067011167
SG_005840,0.8826054342390398
SG_005842,0.5570928488081347
SG_005846,0.54463243873979
SG_005847,0.1710285047507918
SG_005848,0.4794132355392566
SG_005857,0.8856476079346558
SG_005861,0.1695699283213869
SG_005862,0.4812468744790799
SG_005871,0.14039839973328888
SG_005872,0.8908568094682447
SG_005873,0.192948824804134
SG_005874,0.27379563260543427
SG_005875,0.4963327221203534
SG_005877,0.19594932488748126
SG_005880,0.13548091348558094
SG_005884,0.2263293882313719
SG_005892,0.969828304717453
SG_005894,0.12893815635939324
SG_005898,0.8431405234205701
SG_005899,0.44215702617102853
SG_005905,0.6508584764127354
SG_005909,0.14106517752958828
SG_005910,0.8820636772795467
SG_005920,0.5307134522420404
SG_005921,0.745957659609935
SG_005922,0.2449158193032172
SG_005925,0.3543923987331222
SG_005928,0.5054592432072013
SG_005932,0.06509418236372728
SG_005934,0.7530005000833472
SG_005935,0.35205867644607436
SG_005937,0.32388731455242536
SG_005939,0.17457076179363226
SG_005943,0.4737456242707118
SG_005951,0.1933238873145524
SG_005955,0.6579846641106851
SG_005959,0.9528254709118187
SG_005966,0.5759293215535922
SG_005967,0.9625770961826972
SG_005969,0.6470245040840141
SG_005976,0.979204867477913
SG_005977,0.6113102183697283
SG_005979,0.7038256376062677
SG_005980,0.4044424070678447
SG_005985,0.9265710951825303
SG_005986,0.8440573428904816
SG_005991,0.9775795965994333
SG_005999,0.25208368061343556
SG_006000,0.534672445407568
SG_006004,0.7715452575429239
SG_006009,0.8508501416902817
SG_006012,0.4665777629604934
SG_006013,0.709701616936156
SG_006022,0.6641106851141858
SG_006023,0.6639856642773796
SG_006026,0.3281796966161027
SG_006028,0.6524837472912152
SG_006029,0.6540256709451575
SG_006033,0.5774712452075346
SG_006035,0.32347057842973825
SG_006036,0.4077346224370728
SG_006038,0.6088514752458744
SG_006039,0.8070511751958659
SG_006041,0.30409234872478746
SG_006047,0.3444740790131689
SG_006049,0.3998583097182864
SG_006050,0.7926737789631606
SG_006054,0.130271711951992
SG_006063,0.5359226537756293
SG_006067,0.911318553092182
SG_006069,0.8596849474912485
SG_006073,0.16327721286881147
SG_006074,0.2811718619769962
SG_006075,0.13956492748791466
SG_006076,0.6630271711951992
SG_006077,0.8957742957159527
SG_006079,0.8860226704450741
SG_006081,0.11376896149358226
SG_006086,0.3070928488081347
SG_006092,0.6137272878813136
SG_006095,0.6505250875145858
SG_006097,0.8311801966994499
SG_006099,0.9361976996166028
SG_006101,0.46824470745124186
SG_006112,0.8914819136522754
SG_006122,0.4629938323053842
SG_006127,0.6331471911985331
SG_006131,0.09264044007334556
SG_006133,0.45903483913985665
SG_006136,0.22107851308551427
SG_006137,0.9362393732288715
SG_006140,0.6799883313885647
SG_006143,0.32334555759293215
SG_006148,0.2804634105684281
SG_006150,0.7390398399733289
SG_006151,0.724579096516086
SG_006154,0.038339723287214536
SG_006161,0.36222703783963994
SG_006163,0.6106851141856976
SG_006169,0.7610018336389398
SG_006170,0.2696699449908318
SG_006179,0.6136439406567762
SG_006181,0.4756626104350726
SG_006184,0.1128104684114019
SG_006187,0.21736956159359894
SG_006189,0.6058093015502584
SG_006197,0.19182363727287882
SG_006202,0.22632938823137191
SG_006206,0.4347807967994666
SG_006212,0.548091348558093
SG_006213,0.7156609434905817
SG_006218,0.25920986831138526
SG_006222,0.5790965160860144
SG_006224,0.18282213702283717
SG_006225,0.9553258876479414
SG_006226,0.9143607267877979
SG_006229,0.2568761460243374
SG_006237,0.8257626271045174
SG_006238,0.03579763293882314
SG_006240,0.009334889148191364
SG_006241,0.31788631438573095
SG_006242,0.425904317386231
SG_006244,0.8944407401233538
SG_006245,0.1502333722287048
SG_006247,0.569886647774629
SG_006250,0.20945157526254377
SG_006251,0.3376812802133689
SG_006252,0.6923237206201034
SG_006254,0.613393898983164
SG_006256,0.8755625937656276
SG_006260,0.3959826637772962
SG_006262,0.5866811135189198
SG_006263,0.4549508251375229
SG_006264,0.11731121853642273
SG_006266,0.9640773462243707
SG_006269,0.8180113352225371
SG_006275,0.9442823803967328
SG_006277,0.13268878146357727
SG_006283,0.33976496082680446
SG_006284,0.2400816802800467
SG_006287,0.48012168694782464
SG_006288,0.25758459743290546
SG_006300,0.3971495249208201
SG_006301,0.2147441240206701
SG_006304,0.779879979996666
SG_006306,0.30109184864144023
SG_006313,0.5543840640106684
SG_006315,0.32830471745290885
SG_006317,0.6366061010168361
SG_006320,0.2974245707617936
SG_006322,0.9580346724454076
SG_006326,0.22082847141190196
SG_006328,0.8153025504250708
SG_006331,0.3928571428571429
SG_006337,0.8443073845640939
SG_006340,0.6790298383063843
SG_006345,0.7061593598933156
SG_006348,0.08205534255709285
SG_006349,0.3757292882147025
SG_006356,0.6992832138689782
SG_006357,0.28213035505917655
SG_006358,0.6183113852308718
SG_006360,0.8336806134355725
SG_006371,0.4149024837472912
SG_006373,0.7681696949491582
SG_006380,0.5807217869644941
SG_006382,0.27492082013668945
SG_006388,0.05067511251875312
SG_006393,0.490040006667778
SG_006394,0.13914819136522755
SG_006396,0.07030338389731622
SG_006398,0.47141190198366395
SG_006400,0.4218203033838973
SG_006403,0.08463910651775296
SG_006404,0.0847641273545591
SG_006411,0.46249374895815976
SG_006417,0.5450491748624771
SG_006418,0.8795632605434239
SG_006420,0.6462743790631772
SG_006421,0.15894315719286548
SG_006423,0.17232038673112185
SG_006424,0.6764044007334555
SG_006429,0.6944907484580765
SG_006435,0.28579763293882315
SG_006438,0.6423570595099184
SG_006439,0.8344307384564094
SG_006441,0.20224204034005666
SG_006445,0.4044007334555759
SG_006446,0.5272545424237373
SG_006448,0.6138939823303884
SG_006451,0.11872812135355892
SG_006452,0.5103350558426405
SG_006455,0.4750791798633106
SG_006463,0.8893148858143024
SG_006467,0.3810635105850975
SG_006469,0.5564260710118353
SG_006470,0.4323637272878813
SG_006477,0.7681696949491582
SG_006480,0.8696449408234707
SG_006486,0.3828971495249208
SG_006487,0.23733122187031175
SG_006488,0.9396982830471745
SG_006490,0.7160776796132688
SG_006491,0.9729121520253377
SG_006493,0.8676446074345724
SG_006494,0.5729704950825137
SG_006496,0.11235205867644606
SG_006497,0.7594182363727289
SG_006498,0.8577679613268878
SG_006500,0.8153025504250708
SG_006502,0.03788131355225871
SG_006503,0.5716786131021837
SG_006505,0.679529921653609
SG_006506,0.7104517419569929
SG_006507,0.5311718619769962
SG_006512,0.1709034839139857
SG_006516,0.42702950491748626
SG_006520,0.0866394399066511
SG_006522,0.2994249041506918
SG_006528,0.7426654442407068
SG_006534,0.44086514419069844
SG_006535,0.6401483580596766
SG_006536,0.8792715452575429
SG_006537,0.20995165860976828
SG_006539,0.6521086847807968
SG_006541,0.5592598766461077
SG_006543,0.8219703283880647
SG_006545,0.6762793798966495
SG_006548,0.5188781463577263
SG_006550,0.027921320220036672
SG_006551,0.05284214035672612
SG_006557,0.5811801966994499
SG_006560,0.14789964994165694
SG_006564,0.9687864644107351
SG_006566,0.5798883147191198
SG_006567,0.7788798133022171
SG_006577,0.3257626271045174
SG_006579,0.2910901816969495
SG_006581,0.10247541256876146
SG_006588,0.39802467077846304
SG_006592,0.6144357392898816
SG_006597,0.013668944824137354
SG_006601,0.2771711951991998
SG_006607,0.03663110518419737
SG_006608,0.08268044674112351
SG_006610,0.18503083847307886
SG_006615,0.5757626271045174
SG_006616,0.2988831471911985
SG_006620,0.5322970495082514
SG_006622,0.5442157026171028
SG_006623,0.5402150358393065
SG_006624,0.3598516419403234
SG_006626,0.810093348891482
SG_006627,0.844724120686781
SG_006633,0.16715285880980163
SG_006637,0.4415319219869978
SG_006638,0.9787047841306885
SG_006639,0.6659026504417402
SG_006644,0.600516752792132
SG_006645,0.6272295382563761
SG_006651,0.5270878479746625
SG_006659,0.7404150691781963
SG_006664,0.19486581096849476
SG_006668,0.3826471078513085
SG_006673,0.21203533922320386
SG_006687,0.3179279879979997
SG_006688,0.6406067677946324
SG_006690,0.6381063510585098
SG_006693,0.6103933988998167
SG_006698,0.031171861976996163
SG_006700,0.7451658609768295
SG_006706,0.5614685780963493
SG_006710,0.20074179029838304
SG_006713,0.42523753958993166
SG_006716,0.3668528088014669
SG_006728,0.3504334055675946
SG_006734,0.8594349058176363
SG_006736,0.7913818969828305
SG_006744,0.3946491081846975
SG_006745,0.2049508251375229
SG_006749,0.1361476912818803
SG_006758,0.28904817469578264
SG_006760,0.42727954659109857
SG_006765,0.7552508751458576
SG_006766,0.6768628104684113
SG_006769,0.6710285047507919
SG_006778,0.479496582763794
SG_006780,0.3605600933488915
SG_006781,0.29342390398399737
SG_006786,0.7941740290048341
SG_006789,0.5751375229204867
SG_006792,0.40544257376229376
SG_006793,0.39927487914652443
SG_006800,0.8263043840640106
SG_006802,0.47037006167694617
SG_006808,0.5312968828138023
SG_006820,0.44794965827637945
SG_006833,0.34159859976662776
SG_006835,0.5380480080013336
SG_006837,0.49158193032172026
SG_006841,0.4653275545924321
SG_006847,0.36601933655609264
SG_006848,0.15094182363727288
SG_006851,0.3642273712285381
SG_006852,0.7825470911818637
SG_006860,0.22174529088181366
SG_006861,0.29654942490415065
SG_006863,0.12231205200866811
SG_006866,0.6287297882980497
SG_006868,0.5976829471578596
SG_006874,0.37835472578763124
SG_006877,0.22949658276379398
SG_006879,0.20782630438406402
SG_006880,0.4258626437739623
SG_006881,0.8209284880813469
SG_006889,0.012710451741956993
SG_006890,0.7064510751791966
SG_006897,0.933863977329555
SG_006901,0.5629688281380231
SG_006908,0.3439323220536756
SG_006910,0.44990831805300885
SG_006914,0.86351891981997
SG_006918,0.49274879146524425
SG_006924,0.2518336389398233
SG_006925,0.701325220870145
SG_006927,0.20470078346391063
SG_006929,0.4918736456076013
SG_006937,0.7620436739456576
SG_006938,0.24474912485414235
SG_006940,0.5720536756126021
SG_006942,0.16611101850308385
SG_006945,0.12060343390565094
SG_006949,0.6244374062343725
SG_006950,0.8619353225537589
SG_006951,0.5211285214202367
SG_006953,0.09834972495415903
SG_006954,0.6941990331721954
SG_006956,0.8192198699783297
SG_006957,0.842723787297883
SG_006962,0.28800633438906487
SG_006963,0.18632272045340892
SG_006964,0.33172195365894314
SG_006966,0.01750291715285881
SG_006970,0.5435489248208035
SG_006971,0.8711451908651442
SG_006972,0.4778296382730455
SG_006974,0.9659943323887314
SG_006977,0.43794799133188866
SG_006978,0.31426071011835305
SG_006981,0.7249541590265044
SG_006982,0.9122770461743624
SG_006983,0.025545924320720118
SG_006984,0.16869478246374395
SG_006987,0.4291131855309218
SG_006994,0.21966161026837808
SG_006997,0.051258543090515085
SG_007002,0.7011585264210702
SG_007005,0.7127854642440407
SG_007009,0.6328971495249208
SG_007011,0.5885980996832805
SG_007017,0.039089848308051345
SG_007018,0.013710618436406068
SG_007019,0.35676779463243874
SG_007029,0.6108934822470412
SG_007030,0.14939989998333056
SG_007033,0.8974829138189699
SG_007040,0.14410735122520418
SG_007047,0.8242623770628439
SG_007054,0.1081013502250375
SG_007055,0.8416402733788966
SG_007056,0.761543590598433
SG_007061,0.7307051175195867
SG_007062,0.27629604934155694
SG_007067,0.5113352225370895
SG_007068,0.3400150025004167
SG_007069,0.8335139189864977
SG_007073,0.1521503583930655
SG_007075,0.7230371728621438
SG_007076,0.3078429738289715
SG_007078,0.838973162193699
SG_007080,0.48062177029504916
SG_007091,0.5995582597099517
SG_007095,0.46086847807967996
SG_007100,0.44186531088514747
SG_007104,0.5672195365894316
SG_007112,0.5952242040340057
SG_007114,0.9156109351558595
SG_007127,0.20611768628104685
SG_007130,0.2748791465244207
SG_007133,0.7001166861143524
SG_007136,0.2926321053508918
SG_007138,0.8895232538756459
SG_007139,0.13514752458743126
SG_007143,0.38710618436406063
SG_007146,0.29163193865644277
SG_007150,0.4259459909984997
SG_007155,0.5889731621936989
SG_007157,0.6373145524254042
SG_007160,0.9301550258376395
SG_007162,0.24441573595599264
SG_007163,0.8741873645607601
SG_007166,0.7826721120186697
SG_007168,0.30830138356392733
SG_007170,0.11093515585930988
SG_007179,0.20215869311551926
SG_007181,0.16252708784797465
SG_007183,0.6128521420236706
SG_007186,0.11118519753292216
SG_007202,0.25579263210535086
SG_007203,0.8984830805134189
SG_007204,0.22670445074179027
SG_007205,0.8334722453742289
SG_007210,0.9289048174695783
SG_007212,0.6171445240873479
SG_007215,0.020336722787131188
SG_007218,0.6973662277046175
SG_007226,0.1558176362727121
SG_007229,0.304300716786131
SG_007231,0.6887397899649942
SG_007234,0.2799216536089348
SG_007237,0.8120103350558427
SG_007239,0.016877812968828138
SG_007240,0.5303800633438907
SG_007249,0.8438906484414068
SG_007252,0.029963327221203533
SG_007255,0.18948991498583095
SG_007256,0.48591431905317556
SG_007257,0.8098016336056009
SG_007263,0.6686531088514753
SG_007264,0.2994249041506918
SG_007265,0.28704784130688443
SG_007268,0.26583597266211034
SG_007271,0.7064510751791966
SG_007275,0.46949491581930325
SG_007280,0.42011168528088016
SG_007281,0.893982330388398
SG_007282,0.34534922487081177
SG_007283,0.06851141856976163
SG_007287,0.5166277712952159
SG_007288,0.5440073345557592
SG_007301,0.806759459909985
SG_007307,0.49529088181363556
SG_007310,0.41386064344057344
SG_007312,0.8517669611601933
SG_007314,0.8153858976496082
SG_007319,0.39002333722287047
SG_007326,0.15198366394399065
SG_007331,0.38043840640106685
SG_007333,0.8221786964494082
SG_007334,0.8094265710951826
SG_007338,0.04109018169694949
SG_007340,0.9597849641606935
SG_007345,0.017711285214202368
SG_007349,0.3588098016336056
SG_007356,0.3005917652942157
SG_007358,0.022045340890148358
SG_007368,0.30950991831971997
SG_007370,0.30105017502917153
SG_007371,0.39452408734789135
SG_007372,0.5275045840973496
SG_007375,0.14198199699949993
SG_007378,0.1099349891648608
SG_007379,0.22207867977996334
SG_007380,0.6859059843307218
SG_007383,0.21853642273712287
SG_007384,0.608601433572262
SG_007389,0.521086847807968
SG_007390,0.16640273378896484
SG_007401,0.9322803800633439
SG_007403,0.6705284214035672
SG_007406,0.2937989664944158
SG_007409,0.9036089348224704
SG_007410,0.8088431405234207
SG_007413,0.6423153858976496
SG_007416,0.599516586097683
SG_007419,0.4996249374895816
SG_007420,0.7665860976829472
SG_007423,0.7797132855475912
SG_007424,0.9757876312718786
SG_007428,0.8073428904817469
SG_007433,0.5986414402400401
SG_007434,0.0855559259876646
SG_007437,0.4791631938656443
SG_007441,0.8581013502250375
SG_007443,0.6486914485747625
SG_007450,0.035339223203867315
SG_007452,0.9009001500250042
SG_007455,0.45874312385397564
SG_007462,0.5018336389398232
SG_007464,0.9284880813468912
SG_007466,0.26675279213202197
SG_007469,0.10235039173195531
SG_007470,0.9868311385230872
SG_007472,0.20053342223703952
SG_007476,0.7509584930821803
SG_007486,0.8761043507251208
SG_007489,0.7253708951491915
SG_007490,0.302425404234039
SG_007495,0.9053592265377564
SG_007499,0.7457076179363228
SG_007506,0.06484414069011502
SG_007508,0.23712285380896816
SG_007509,0.07584597432905485
SG_007517,0.6632772128688115
SG_007518,0.7796299383230538
SG_007522,0.8811468578096349
SG_007524,0.670861810301717
SG_007527,0.11639439906651108
SG_007535,0.2387481246874479
SG_007540,0.6992832138689782
SG_007546,0.16804884147357893
SG_007552,0.6923237206201033
SG_007553,0.6798633105517586
SG_007557,0.5684280713452242
SG_007558,0.8479746624437405
SG_007560,0.8162193698949824
SG_007568,0.07038673112185365
SG_007571,0.8495999333222204
SG_007573,0.36185197532922153
SG_007577,0.13477246207701285
SG_007578,0.5227537922987164
SG_007579,0.005209201533588932
SG_007582,0.8395982663777295
SG_007586,0.1160610101683614
SG_007587,0.6680280046674445
SG_007589,0.6542340390065011
SG_007591,0.2432488748124687
SG_007595,0.6111435239206535
SG_007597,0.5399233205534255
SG_007599,0.34701616936156027
SG_007602,0.6679863310551759
SG_007605,0.20990998499749958
SG_007609,0.17707117852975496
SG_007614,0.7189948324720787
SG_007620,0.121895315885981
SG_007628,0.8754375729288215
SG_007630,0.4538673112185364
SG_007646,0.652067011168528
SG_007648,0.15969328221370227
SG_007654,0.489456576096016
SG_007655,0.7227454575762626
SG_007656,0.9843307217869645
SG_007657,0.8845224204034006
SG_007658,0.3082597099516586
SG_007659,0.8126771128521421
SG_007660,0.29163193865644277
SG_007663,0.3851891981997
SG_007665,0.9089848308051343
SG_007667,0.49041506917819633
SG_007670,0.599224870811802
SG_007678,0.22382897149524922
SG_007679,0.9607851308551425
SG_007681,0.06417736289381563
SG_007685,0.5765960993498916
SG_007686,0.9286131021836973
SG_007687,0.46928654775795964
SG_007688,0.32876312718786466
SG_007691,0.327262877146191
SG_007696,0.28271378563093846
SG_007698,0.23091348558093017
SG_007700,0.8039673278879814
SG_007703,0.32105350891815304
SG_007704,0.2780046674445741
SG_007706,0.9281546924487415
SG_007711,0.5176279379896649
SG_007712,0.8643940656776129
SG_007714,0.2793798966494416
SG_007717,0.5716786131021837
SG_007719,0.6296049341556926
SG_007720,0.1976162693782297
SG_007721,0.4596182697116186
SG_007728,0.5044590765127521
SG_007737,0.8366394399066511
SG_007741,0.45457576262710453
SG_007742,0.19499083180530088
SG_007744,0.2573762293715619
SG_007746,0.8269294882480414
SG_007748,0.29884147357892976
SG_007750,0.019336556092682113
SG_007751,0.08034672445407569
SG_007752,0.07251208534755793
SG_007758,0.8053425570928487
SG_007760,0.367852975495916
SG_007762,0.8481413568928154
SG_007770,0.29809134855809305
SG_007772,0.8328054675779297
SG_007776,0.18973995665944327
SG_007780,0.7284964160693449
SG_007781,0.37218703117186197
SG_007782,0.19632438739789965
SG_007787,0.6742373728954826
SG_007800,0.8951908651441908
SG_007801,0.7814219036506085
SG_007804,0.026629438239706614
SG_007805,0.9277796299383231
SG_007807,0.5731371895315885
SG_007808,0.9717452908818136
SG_007813,0.5720536756126021
SG_007815,0.34530755125854307
SG_007817,0.4833305550925154
SG_007818,0.6732788798133023
SG_007820,0.504042340390065
SG_007822,0.5016669444907484
SG_007823,0.434280713452242
SG_007824,0.2642523753958993
SG_007834,0.5091265210868479
SG_007836,0.14473245540923488
SG_007839,0.14277379563260545
SG_007842,0.04096516086014336
SG_007844,0.3780630105017503
SG_007846,0.07267877979663277
SG_007849,0.14102350391731955
SG_007858,0.6956576096016003
SG_007864,0.8903567261210202
SG_007866,0.3930238373062177
SG_007875,0.6530671778629772
SG_007876,0.6054759126521088
SG_007880,0.4965827637939657
SG_007884,0.4111518586431072
SG_007889,0.814552425404234
SG_007892,0.2760876812802134
SG_007897,0.18948991498583098
SG_007898,0.37731288548091346
SG_007899,0.4483663943990665
SG_007901,0.7119936656109351
SG_007908,0.8721036839473245
SG_007910,0.6093515585930989
SG_007922,0.3252625437572929
SG_007923,0.14748291381896983
SG_007926,0.7047424570761793
SG_007931,0.6671528588098016
SG_007933,0.5822637106184364
SG_007939,0.841723620603434
SG_007940,0.37056176029338217
SG_007946,0.3170945157526254
SG_007947,0.5764294049008168
SG_007948,0.5649274879146524
SG_007954,0.019878313052175363
SG_007957,0.05946824470745124
SG_007960,0.8783547257876312
SG_007964,0.2666694449074846
SG_007965,0.5452992165360893
SG_007980,0.8478496416069345
SG_007985,0.503458909818303
SG_007992,0.11797799633272213
SG_007996,0.41056842807134525
SG_007998,0.3649358226371062
SG_007999,0.19990831805300885
SG_008014,0.12389564927487914
SG_008015,0.43390565094182365
SG_008020,0.640815135855976
SG_008026,0.5968911485247541
SG_008033,0.2074095682613769
SG_008043,0.35593432238706446
SG_008050,0.26841973662277047
SG_008055,0.39127354559093186
SG_008056,0.9285297549591599
SG_008058,0.7626687781296883
SG_008067,0.19453242207034505
SG_008074,0.785380896816136
SG_008076,0.5780963493915652
SG_008081,0.8106351058509751
SG_008091,0.216202700450075
SG_008099,0.1819469911651942
SG_008100,0.7444574095682615
SG_008101,0.2742957159526588
SG_008104,0.7482497082847142
SG_008115,0.875937656276046
SG_008117,0.14160693448908152
SG_008118,0.822928821470245
SG_008127,0.34509918319719957
SG_008131,0.721411901983664
SG_008133,0.513002167027838
SG_008137,0.562968828138023
SG_008140,0.7339973328888149
SG_008141,0.6782797132855476
SG_008145,0.13927321220203367
SG_008152,0.2168694782463744
SG_008156,0.9245707617936322
SG_008160,0.531921986997833
SG_008164,0.8247207867977997
SG_008167,0.7971745290881813
SG_008175,0.33022170361726955
SG_008176,0.9019003167194533
SG_008183,0.8694782463743957
SG_008188,0.5387564594099017
SG_008191,0.17569594932488747
SG_008192,0.4061093515585931
SG_008193,0.13139689948324723
SG_008195,0.6742373728954826
SG_008202,0.7283713952325388
SG_008213,0.6330221703617269
SG_008217,0.9033172195365894
SG_008224,0.33718119686614434
SG_008228,0.5503417236206035
SG_008229,0.16394399066511084
SG_008237,0.13381396899483247
SG_008242,0.0720536756126021
SG_008246,0.578429738289715
SG_008248,0.25712618769794965
SG_008249,0.89456576096016
SG_008253,0.49124854142357055
SG_008257,0.7284130688448074
SG_008261,0.7586264377396232
SG_008264,0.6571928654775796
SG_008265,0.6899899983330555
SG_008281,0.4050258376396066
SG_008283,0.4239873312218703
SG_008287,0.26566927821303554
SG_008291,0.8564344057342891
SG_008293,0.45645107517919653
SG_008294,0.3670611768628105
SG_008296,0.6504000666777795
SG_008298,0.7154525754292382
SG_008309,0.5275462577096183
SG_008310,0.5878896482747125
SG_008312,0.3217619603267211
SG_008316,0.5131688614769128
SG_008317,0.02550425070845141
SG_008318,0.21686947824637443
SG_008327,0.04488248041340223
SG_008330,0.6040590098349725
SG_008333,0.004375729288214702
SG_008336,0.6375645940990164
SG_008345,0.2774212368728121
SG_008347,0.20503417236206034
SG_008355,0.9538673112185364
SG_008358,0.6371061843640606
SG_008359,0.9015669278213037
SG_008360,0.3025087514585765
SG_008361,0.2176612768794799
SG_008362,0.7763793965660943
SG_008365,0.5788048008001334
SG_008366,0.780171695282547
SG_008375,0.3690198366394398
SG_008376,0.7163693948991499
SG_008382,0.19074012335389232
SG_008383,0.5806384397399567
SG_008388,0.692657109518253
SG_008389,0.8504334055675946
SG_008392,0.17848808134689115
SG_008396,0.24766627771295216
SG_008402,0.4329054842473745
SG_008410,0.1801133522253709
SG_008413,0.9552008668111351
SG_008417,0.6896149358226371
SG_008420,0.9524920820136689
SG_008422,0.5605517586264377
SG_008435,0.6894482413735623
SG_008440,0.06517752958826471
SG_008441,0.6498166361060176
SG_008442,0.2961326887814636
SG_008443,0.3326804467411235
SG_008444,0.3673945657609602
SG_008449,0.6697782963827305
SG_008452,0.8125937656276045
SG_008457,0.9425737622937156
SG_008459,0.9086514419069844
SG_008462,0.585639273212202
SG_008467,0.6829471578596433
SG_008468,0.655109184864144
SG_008478,0.09955825970995166
SG_008482,0.8786464410735124
SG_008484,0.9365310885147524
SG_008485,0.6684447407901316
SG_008494,0.5271711951991999
SG_008497,0.12527087847974663
SG_008498,0.3770628438073012
SG_008500,0.7493332222037006
SG_008501,0.6752792132022003
SG_008504,0.2601683613935656
SG_008506,0.9231955325887649
SG_008512,0.7051591931988664
SG_008514,0.9802883813968994
SG_008517,0.7037422903817303
SG_008522,0.56209368228038
SG_008527,0.35585097516252706
SG_008529,0.6727371228538089
SG_008531,0.013627271211868644
SG_008534,0.9876229371561928
SG_008535,0.5470078346391065
SG_008536,0.34839139856642776
SG_008538,0.5003750625104183
SG_008541,0.12556259376562762
SG_008542,0.5169611601933656
SG_008545,0.9349058176362727
SG_008547,0.4084014002333722
SG_008549,0.7999249874979163
SG_008550,0.30271711951992
SG_008551,0.6850725120853476
SG_008553,0.33072178696449406
SG_008555,0.20065844307384564
SG_008557,0.5777212868811468
SG_008561,0.27762960493415567
SG_008564,0.21882813802300385
SG_008565,0.9444907484580763
SG_008568,0.4533255542590432
SG_008569,0.4969161526921153
SG_008570,0.5359226537756293
SG_008572,0.36368561426904483
SG_008574,0.7867977996332722
SG_008575,0.534089014835806
SG_008576,0.03204700783463911
SG_008577,0.6253125520920153
SG_008580,0.1663610601766961
SG_008586,0.5380063343890649
SG_008594,0.7964660776796133
SG_008598,0.3782297049508251
SG_008600,0.8487664610768461
SG_008614,0.3935239206534422
SG_008615,0.8444324054009001
SG_008617,0.07559593265544257
SG_008624,0.6317302883813969
SG_008630,0.7398733122187031
SG_008635,0.23683113852308718
SG_008636,0.13627271211868647
SG_008639,0.8491415235872646
SG_008645,0.24004000666777797
SG_008646,0.3592265377562927
SG_008650,0.6927821303550592
SG_008653,0.9748291381896983
SG_008669,0.7179946657776296
SG_008671,0.683988998166361
SG_008689,0.7400400066677779
SG_008691,0.7318719786631105
SG_008693,0.8823553925654276
SG_008708,0.17611268544757458
SG_008714,0.6888231371895315
SG_008726,0.27633772295382564
SG_008727,0.9361143523920653
SG_008729,0.25916819469911656
SG_008734,0.8325137522920487
SG_008735,0.3748541423570595
SG_008737,0.9339473245540924
SG_008739,0.03213035505917653
SG_008745,0.950741790298383
SG_008749,0.07622103683947325
SG_008755,0.46603600600100015
SG_008759,0.3621020170028338
SG_008766,0.5957659609934989
SG_008769,0.45407567927987996
SG_008770,0.617561260210035
SG_008771,0.12614602433738956
SG_008773,0.8051341890315052
SG_008774,0.6495249208201367
SG_008776,0.157567927987998
SG_008777,0.583180530088348
SG_008780,0.7828388064677446
SG_008782,0.7437072845474246
SG_008784,0.40519253208868145
SG_008785,0.3528921486914486
SG_008787,0.236997832972162
SG_008789,0.5468411401900317
SG_008793,0.5977662943823971
SG_008798,0.4750791798633106
SG_008810,0.7936322720453408
SG_008816,0.8279296549424905
SG_008823,0.9472828804800801
SG_008824,0.25983497249541593
SG_008825,0.8751458576429405
SG_008828,0.49662443740623435
SG_008836,0.23595599266544423
SG_008839,0.6415652608768128
SG_008840,0.15040006667777964
SG_008841,0.24766627771295216
SG_008843,0.563552258709785
SG_008844,0.6116852808801467
SG_008845,0.9170278379729955
SG_008849,0.49216536089348223
SG_008850,0.4652858809801634
SG_008853,0.5641773628938156
SG_008855,0.2897566261043507
SG_008859,0.6403150525087514
SG_008862,0.5089181530255042
SG_008864,0.2864644107351225
SG_008865,0.2234955825970995
SG_008866,0.09668278046341057
SG_008867,0.9613268878146357
SG_008869,0.9254042340390064
SG_008876,0.6797799633272211
SG_008881,0.5070428404734122
SG_008883,0.5620520086681113
SG_008888,0.01208534755792632
SG_008889,0.9603683947324554
SG_008895,0.7380396732788799
SG_008897,0.3673112185364228
SG_008901,0.3635605934322387
SG_008905,0.06730288381396898
SG_008907,0.19944990831805304
SG_008908,0.034172362060343395
SG_008910,0.400775129188198
SG_008913,0.8469744957492915
SG_008914,0.10014169028171363
SG_008917,0.14727454575762627
SG_008919,0.3078429738289715
SG_008920,0.9374895815969329
SG_008925,0.5415069178196367
SG_008926,0.8346807801300217
SG_008927,0.30855142523753964
SG_008930,0.505334222370395
SG_008932,0.26037672945490914
SG_008934,0.6533172195365894
SG_008937,0.1800300050008335
SG_008940,0.5680113352225371
SG_008943,0.2922987164527421
SG_008947,0.08280546757792966
SG_008955,0.9288214702450408
SG_008960,0.8393898983163861
SG_008962,0.09809968328054676
SG_008964,0.31971995332555425
SG_008965,0.07401233538923153
SG_008966,0.0975579263210535
SG_008971,0.3098433072178696
SG_008972,0.14498249708284713
SG_008976,0.5324637439573262
SG_008978,0.09676612768794798
SG_008983,0.33118019669944987
SG_008989,0.9923320553425571
SG_008990,0.27975495915986
SG_008994,0.8071761960326721
SG_008996,0.8165527587931323
SG_008998,0.15002500416736123
SG_008999,0.1342723787297883
SG_009001,0.709868311385231
SG_009005,0.3555592598766461
SG_009006,0.3311385230871812
SG_009011,0.6831971995332555
SG_009017,0.388064677446241
SG_009018,0.47457909651608604
SG_009032,0.24708284714119017
SG_009034,0.1539839973328888
SG_009043,0.9277379563260544
SG_009047,0.2901316886147691
SG_009048,0.3665194199033172
SG_009053,0.028629771628604767
SG_009055,0.7825887647941323
SG_009058,0.2303717286214369
SG_009063,0.8807717952992166
SG_009064,0.79592432072012
SG_009065,0.8104267377896316
SG_009069,0.40023337222870475
SG_009070,0.46282713785630936
SG_009072,0.7294549091515252
SG_009075,0.29792465410901814
SG_009079,0.3959826637772962
SG_009080,0.9857476246041006
SG_009081,0.25525087514585765
SG_009083,0.15510918486414402
SG_009085,0.3044257376229371
SG_009091,0.5892232038673112
SG_009093,0.28308884814135693
SG_009100,0.058426404400733455
SG_009109,0.7068261376896149
SG_009115,0.5191281880313386
SG_009119,0.3981080180030005
SG_009120,0.816136022670445
SG_009123,0.7510835139189864
SG_009124,0.4649108184697449
SG_009127,0.14002333722287047
SG_009128,0.2715035839306551
SG_009135,0.8019253208868145
SG_009136,0.8588514752458742
SG_009139,0.2550008334722454
SG_009146,0.9314469078179697
SG_009147,0.7785047507917986
SG_009149,0.12189531588598099
SG_009150,0.8596432738789799
SG_009152,0.89069011501917
SG_009153,0.39123187197866316
SG_009159,0.6326054342390398
SG_009168,0.7419569928321388
SG_009169,0.8743957326221037
SG_009170,0.3776462743790632
SG_009172,0.1415235872645441
SG_009176,0.3398899816636106
SG_009179,0.5930571761960327
SG_009183,0.7323720620103351
SG_009193,0.6809884980830138
SG_009196,0.7114935822637105
SG_009199,0.1317302883813969
SG_009202,0.6857392898816469
SG_009203,0.1338973162193699
SG_009204,0.14519086514419072
SG_009206,0.2669194865810969
SG_009207,0.7657109518253042
SG_009209,0.36589431571928654
SG_009210,0.8048424737456243
SG_009214,0.7914235705950992
SG_009220,0.5052508751458578
SG_009223,0.31742790465077514
SG_009224,0.5573012168694783
SG_009225,0.24229038173028838
SG_009226,0.9674945824304051
SG_009229,0.17269544924154023
SG_009230,0.9227787964660777
SG_009236,0.6869478246374395
SG_009242,0.3075512585430905
SG_009246,0.8523087181196866
SG_009250,0.6223537256209368
SG_009253,0.8798133022170362
SG_009266,0.9045674279046508
SG_009268,0.6224370728454742
SG_009272,0.855142523753959
SG_009273,0.09447407901316884
SG_009274,0.5577596266044341
SG_009277,0.7082430405067511
SG_009278,0.821636939489915
SG_009279,0.568594765794299
SG_009280,0.25904317386231035
SG_009281,0.32276212702117024
SG_009289,0.6783213868978163
SG_009290,0.943240540090015
SG_009299,0.18611435239206534
SG_009300,0.47599599933322223
SG_009305,0.16511085180863477
SG_009307,0.6411901983663943
SG_009319,0.06830305050841808
SG_009328,0.06467744624104017
SG_009333,0.3304300716786131
SG_009335,0.3856892815469245
SG_009341,0.44165694282380397
SG_009347,0.38373062177029504
SG_009354,0.6233122187031171
SG_009355,0.9081096849474912
SG_009357,0.5548841473578929
SG_009362,0.7591681946991164
SG_009363,0.8521420236706118
SG_009365,0.2677112852142024
SG_009366,0.9335305884314052
SG_009367,0.5875562593765629
SG_009370,0.9063177196199367
SG_009386,0.5993498916486082
SG_009392,0.07026171028504752
SG_009398,0.3507667944657443
SG_009400,0.4650775129188198
SG_009402,0.7803800633438907
SG_009403,0.36797799633272216
SG_009404,0.3020086681113519
SG_009406,0.31955325887647934
SG_009407,0.649774962493749
SG_009408,0.03121353558926488
SG_009409,0.0644274045674279
SG_009410,0.9193198866477746
SG_009411,0.6210201700283381
SG_009412,0.34068178029671614
SG_009413,0.2815469244874146
SG_009415,0.43440573428904816
SG_009417,0.6195615935989331
SG_009419,0.28000500083347224
SG_009425,0.8179279879979997
SG_009426,0.6971578596432738
SG_009427,0.4036089348224704
SG_009429,0.08159693282213702
SG_009434,0.651066844474079
SG_009438,0.1441490248374729
SG_009441,0.49854142357059505
SG_009442,0.2495832638773129
SG_009444,0.8307634605767628
SG_009445,0.7557509584930823
SG_009446,0.24258209701616937
SG_009447,0.41877812968828143
SG_009449,0.5025004167361227
SG_009455,0.3067177862977163
SG_009458,0.5424237372895483
SG_009461,0.9855392565427572
SG_009462,0.8307217869644941
SG_009466,0.44878313052175367
SG_009473,0.22699616602767128
SG_009478,0.7432905484247374
SG_009479,0.48741456909484915
SG_009481,0.34618269711618604
SG_009485,0.18178029671611934
SG_009490,0.8685614269044841
SG_009496,0.24824970828471413
SG_009500,0.3117186197699617
SG_009502,0.9814969161526921
SG_009504,0.8040506751125187
SG_009505,0.4714535755959326
SG_009516,0.2581680280046674
SG_009518,0.8798966494415736
SG_009519,0.7507501250208368
SG_009528,0.4162777129521587
SG_009529,0.30592598766461077
SG_009530,0.21232705450908484
SG_009533,0.752750458409735
SG_009537,0.18715619269878314
SG_009539,0.04521586931155193
SG_009540,0.37535422570428406
SG_009541,0.527296216036006
SG_009544,0.24479079846641105
SG_009556,0.1317719619936656
SG_009558,0.44715785964327387
SG_009566,0.16452742123687283
SG_009567,0.43578096349391565
SG_009569,0.025962660443407233
SG_009573,0.4188198033005501
SG_009577,0.17802967161193534
SG_009581,0.4016086014335723
SG_009582,0.5195865977662945
SG_009584,0.2179529921653609
SG_009585,0.6116019336556093
SG_009589,0.432697116186031
SG_009592,0.36918653108851474
SG_009593,0.5650941823637273
SG_009602,0.2798383063843974
SG_009614,0.36672778796466077
SG_009616,0.8658526421070178
SG_009618,0.9555342557092849
SG_009619,0.11639439906651108
SG_009620,0.5887231205200867
SG_009622,0.15965160860143357
SG_009630,0.5280880146691115
SG_009632,0.3998583097182864
SG_009639,0.19449074845807635
SG_009649,0.8709368228038006
SG_009651,0.7846307717952992
SG_009661,0.15465077512918818
SG_009670,0.25887647941323555
SG_009671,0.38148024670778463
SG_009679,0.791465244207368
SG_009681,0.3722287047841307
SG_009683,0.3497249541590265
SG_009687,0.9349891648608102
SG_009690,0.6320220036672778
SG_009691,0.9737456242707119
SG_009694,0.4506167694615769
SG_009696,0.9665360893482247
SG_009701,0.7172445407567929
SG_009702,0.10022503750625103
SG_009707,0.3746874479079847
SG_009716,0.13589764960826806
SG_009718,0.6581096849474912
SG_009727,0.186739456576096
SG_009736,0.39127354559093186
SG_009741,0.4344474079013169
SG_009744,0.5839723287214535
SG_009746,0.4356559426571095
SG_009747,0.7911318553092181
SG_009751,0.5147107851308551
SG_009754,0.7433738956492749
SG_009757,0.26291881980330056
SG_009759,0.7632522087014503
SG_009760,0.6960743457242874
SG_009762,0.1765294215702617
SG_009763,0.17557092848808137
SG_009766,0.5379229871645275
SG_009776,0.7508751458576429
SG_009778,0.7909651608601433
SG_009780,0.9636606101016837
SG_009782,0.9486164360726788
SG_009783,0.026004334055675947
SG_009785,0.6013502250375062
SG_009786,0.9551175195865977
SG_009791,0.46924487414569094
SG_009794,0.46620270045007506
SG_009795,0.6293548924820804
SG_009799,0.5439239873312218
SG_009800,0.9622020336722787
SG_009814,0.7477079513252209
SG_009819,0.3178029671611935
SG_009824,0.2910068344724121
SG_009825,0.8782297049508251
SG_009829,0.7647524587431238
SG_009834,0.839973328888148
SG_009837,0.8082597099516586
SG_009838,0.361351891981997
SG_009843,0.43911485247541254
SG_009845,0.4533255542590432
SG_009851,0.6794465744290716
SG_009855,0.94469911651942
SG_009856,0.7809218203033839
SG_009862,0.3521836972828805
SG_009865,0.18578096349391565
SG_009867,0.79463243873979
SG_009868,0.4755792632105351
SG_009869,0.13410568428071346
SG_009870,0.7863810635105851
SG_009875,0.5137522920486748
SG_009876,0.6764877479579929
SG_009877,0.641106851141857
SG_009878,0.9086931155192532
SG_009880,0.8215952658776464
SG_009881,0.5916819469911652
SG_009895,0.922153692282047
SG_009905,0.45545090848474745
SG_009909,0.6545674279046507
SG_009914,0.6276879479913319
SG_009916,0.5861810301716953
SG_009921,0.13606434405734288
SG_009923,0.8187197866311051
SG_009926,0.7328721453575595
SG_009929,0.9747041173528921
SG_009932,0.4864144024004
SG_009933,0.2682947157859643
SG_009935,0.15073345557592932
SG_009936,0.37139523253875645
SG_009937,0.3989831638606435
SG_009941,0.04604934155692615
SG_009942,0.6020586764460744
SG_009953,0.7942573762293716
SG_009956,0.19357392898816467
SG_009959,0.2777546257709618
SG_009964,0.35076679446574427
SG_009972,0.8646441073512252
SG_009977,0.5802633772295384
SG_009979,0.9339473245540924
SG_009982,0.2960910151691949
SG_009985,0.8617269544924154
SG_009987,0.07947157859643274
SG_009989,0.6769044840806802
SG_009993,0.20611768628104685
SG_009997,0.6929071511918653
SG_009999,0.5722620436739456
SG_010002,0.9886231038506417
SG_010007,0.7852558759793299
SG_010008,0.2665027504584097
SG_010009,0.18215535922653775
SG_010010,0.7036589431571929
SG_010011,0.5392982163693949
SG_010012,0.0997249541590265
SG_010014,0.17827971328554756
SG_010015,0.5690531755292548
SG_010019,0.5395482580430072
SG_010020,0.2787964660776796
SG_010021,0.26304384064010666
SG_010024,0.14423237206201034
SG_010025,0.3876479413235539
SG_010034,0.28046341056842805
SG_010037,0.11010168361393566
SG_010038,0.41144357392898817
SG_010042,0.6088514752458744
SG_010045,0.6227704617436239
SG_010047,0.31063510585097515
SG_010048,0.44115685947657945
SG_010050,0.6361476912818803
SG_010052,0.6390648441406901
SG_010058,0.29421570261710284
SG_010061,0.8649358226371062
SG_010068,0.41619436572762125
SG_010069,0.16186031005167528
SG_010074,0.4522837139523254
SG_010078,0.17390398399733287
SG_010081,0.1611518586431072
SG_010084,0.6260626771128521
SG_010085,0.1924904150691782
SG_010086,0.9744540756792799
SG_010088,0.6639439906651108
SG_010091,0.11897816302717121
SG_010092,0.816719453242207
SG_010099,0.6664027337889649
SG_010101,0.4649524920820136
SG_010103,0.2929238206367728
SG_010104,0.33134689114852467
SG_010106,0.8250541756959493
SG_010109,0.2667944657442907
SG_010115,0.13223037172862143
SG_010116,0.9146107684614103
SG_010117,0.8423070511751958
SG_010123,0.9951241873645608
SG_010130,0.08780630105017503
SG_010132,0.06684447407901317
SG_010134,0.7721703617269545
SG_010142,0.9825804300716786
SG_010144,0.3748541423570595
SG_010146,0.2614602433738956
SG_010151,0.09143190531755294
SG_010153,0.9297799633272212
SG_010155,0.5681780296716119
SG_010157,0.8727287881313552
SG_010165,0.10210035005834306
SG_010166,0.4542840473412236
SG_010169,0.15715119186531087
SG_010170,0.3578513085514252
SG_010172,0.4978746457742957
SG_010173,0.7615435905984331
SG_010174,0.5848474745790965
SG_010175,0.5117102850475079
SG_010176,0.6902817136189365
SG_010182,0.02754625770961827
SG_010183,0.510251708618103
SG_010184,0.5709701616936156
SG_010187,0.5157942990498416
SG_010195,0.11922820470078346
SG_010198,0.24837472912152025
SG_010199,0.32609601600266713
SG_010200,0.029171528588098017
SG_010204,0.8365977662943824
SG_010206,0.8958159693282214
SG_010208,0.6448991498583098
SG_010209,0.14760793465577599
SG_010210,0.8167194532422071
SG_010213,0.541590265044174
SG_010217,0.33934822470411735
SG_010226,0.7737539589931656
SG_010227,0.46678613102183697
SG_010234,0.13593932322053676
SG_010235,0.46649441573595596
SG_010238,0.9208201366894482
SG_010241,0.16852808801466912
SG_010242,0.06121853642273712
SG_010243,0.05480080013335556
SG_010246,0.7549174862477079
SG_010252,0.9141106851141857
SG_010253,0.9570761793632273
SG_010256,0.7086181030171695
SG_010257,0.32601266877812973
SG_010258,0.04579929988331388
SG_010259,0.8903150525087515
SG_010261,0.5522170361726955
SG_010263,0.4931238539756626
SG_010265,0.05080013335555926
SG_010267,0.1255209201533589
SG_010271,0.18353058843140524
SG_010273,0.5690115019169862
SG_010274,0.05663443907317887
SG_010277,0.8162193698949824
SG_010284,0.1296049341556926
SG_010286,0.29504917486247706
SG_010287,0.9723703950658442
SG_010288,0.22382897149524922
SG_010293,0.3903150525087515
SG_010294,0.927362893815636
SG_010298,0.3911485247541257
SG_010306,0.42940490081680277
SG_010313,0.29163193865644277
SG_010315,0.8937322887147858
SG_010316,0.6714869144857476
SG_010319,0.16940323387231204
SG_010320,0.8698116352725453
SG_010322,0.5037089514919153
SG_010323,0.702492082013669
SG_010326,0.27096182697116183
SG_010328,0.732372062010335
SG_010329,0.9162360393398901
SG_010330,0.764294049008168
SG_010332,0.13914819136522755
SG_010336,0.6878229704950826
SG_010344,0.5966411068511419
SG_010347,0.8588514752458744
SG_010350,0.7942157026171028
SG_010352,0.9516586097682946
SG_010354,0.6474829138189698
SG_010358,0.48433072178696446
SG_010371,0.1306467744624104
SG_010373,0.6245207534589099
SG_010379,0.1601516919486581
SG_010386,0.36251875312552095
SG_010393,0.49645774295715955
SG_010394,0.7310385064177363
SG_010399,0.9671195199199867
SG_010401,0.43711451908651444
SG_010404,0.1492748791465244
SG_010406,0.31317719619936657
SG_010407,0.33380563427237875
SG_010409,0.9912068678113019
SG_010412,0.522378729788298
SG_010418,0.11551925320886816
SG_010420,0.04454909151525254
SG_010424,0.9369061510251709
SG_010425,0.6929071511918652
SG_010428,0.8011751958659776
SG_010430,0.9118186364394065
SG_010431,0.7665444240706785
SG_010435,0.40160860143357224
SG_010442,0.9410318386397734
SG_010455,0.6057676279379897
SG_010459,0.4251125187531255
SG_010460,0.9182780463410568
SG_010461,0.7001583597266212
SG_010462,0.07259543257209534
SG_010465,0.01466911151858643
SG_010467,0.351100183363894
SG_010469,0.7753792298716452
SG_010470,0.7774212368728121
SG_010472,0.12089514919153192
SG_010475,0.7857142857142857
SG_010477,0.70407567927988
SG_010481,0.9381563593932323
SG_010482,0.08451408568094682
SG_010483,0.6415652608768128
SG_010485,0.6421903650608435
SG_010486,0.14364894149024837
SG_010487,0.7120770128354725
SG_010490,0.6091015169194867
SG_010492,0.40556759459909986
SG_010493,0.14581596932822138
SG_010495,0.3505584264044007
SG_010498,0.4758709784964161
SG_010499,0.3195532588764794
SG_010501,0.8930238373062177
SG_010503,0.2695865977662944
SG_010505,0.24445740956826134
SG_010506,0.13623103850641774
SG_010507,0.04796632772128688
SG_010509,0.27850475079179865
SG_010510,0.28088014669111516
SG_010515,0.9622853808968161
SG_010517,0.7991331888648109
SG_010518,0.47007834639106516
SG_010531,0.8668944824137356
SG_010546,0.9301550258376396
SG_010547,0.39802467077846304
SG_010550,0.7304134022337057
SG_010552,0.3445574262377063
SG_010553,0.30688448074679114
SG_010555,0.2262460410068345
SG_010561,0.25429238206367727
SG_010562,0.3643107184530755
SG_010563,0.3143857309551592
SG_010569,0.12564594099016502
SG_010571,0.31421903650608435
SG_010577,0.1353558926487748
SG_010578,0.10614269044840806
SG_010579,0.6191031838639773
SG_010582,0.7108268044674113
SG_010585,0.7090348391398567
SG_010586,0.8391398566427738
SG_010588,0.34768294715785963
SG_010589,0.11547757959659943
SG_010590,0.7793798966494416
SG_010592,0.9368228038006334
SG_010594,0.361351891981997
SG_010598,0.8890648441406901
SG_010600,0.2044507417902984
SG_010607,0.16644440740123354
SG_010611,0.7834639106517753
SG_010615,0.928946491081847
SG_010616,0.6953242207034506
SG_010619,0.3999416569428238
SG_010627,0.4162777129521587
SG_010634,0.10726787797966328
SG_010635,0.15019169861643605
SG_010636,0.5565927654609102
SG_010649,0.838681446907818
SG_010651,0.2198699783297216
SG_010653,0.33888981496916154
SG_010655,0.5372145357559593
SG_010659,0.5777212868811469
SG_010662,0.9784130688448075
SG_010664,0.8667277879646607
SG_010666,0.1944074012335389
SG_010668,0.5402983830638439
SG_010670,0.5287964660776796
SG_010673,0.9105267544590765
SG_010674,0.2801300216702784
SG_010679,0.6032255375895983
SG_010684,0.8809384897482914
SG_010685,0.2659609934989165
SG_010690,0.0734705784297383
SG_010696,0.21332722120353392
SG_010700,0.548258043007168
SG_010707,0.3031755292548758
SG_010708,0.1485247541256876
SG_010713,0.2249124854142357
SG_010717,0.29813302217036175
SG_010718,0.7152858809801633
SG_010721,0.7397066177696282
SG_010722,0.18311385230871813
SG_010726,0.7077846307717952
SG_010729,0.29684114019003166
SG_010733,0.44057342890481754
SG_010734,0.7847974662443741
SG_010737,0.38902317052842145
SG_010739,0.2197866311051842
SG_010745,0.7280796799466579
SG_010752,0.47337056176029335
SG_010753,0.8228871478579763
SG_010757,0.28046341056842805
SG_010760,0.8348058009668278
SG_010763,0.6329804967494583
SG_010769,0.8613102183697283
SG_010772,0.9062760460076679
SG_010773,0.07359559926654444
SG_010774,0.3674362393732289
SG_010781,0.34351558593098847
SG_010784,0.040256709451575265
SG_010789,0.27633772295382564
SG_010791,0.5599683280546759
SG_010795,0.8521003500583431
SG_010796,0.7483747291215203
SG_010798,0.37393732288714787
SG_010801,0.8180113352225371
SG_010803,0.9245707617936323
SG_010808,0.7128688114685782
SG_010809,0.12777129521586933
SG_010810,0.7685030838473079
SG_010814,0.8913568928154693
SG_010816,0.117852975495916
SG_010818,0.09718286381063511
SG_010824,0.8852308718119686
SG_010828,0.9902067011168528
SG_010830,0.937614602433739
SG_010831,0.2590431738623104
SG_010837,0.8126771128521421
SG_010843,0.41919486581096854
SG_010844,0.8655192532088681
SG_010845,0.11331055175862643
SG_010846,0.35755959326554426
SG_010847,0.7747541256876145
SG_010853,0.2038256376062677
SG_010857,0.045590931821970326
SG_010860,0.2920903483913986
SG_010863,0.40010835139189865
SG_010865,0.5829721620270045
SG_010870,0.8332222037006167
SG_010871,0.5365477579596599
SG_010872,0.26475245874312386
SG_010876,0.9893732288714786
SG_010881,0.2765044174029005
SG_010882,0.6371895315885981
SG_010884,0.9216119353225537
SG_010887,0.15590098349724954
SG_010888,0.7806301050175029
SG_010889,0.7546674445740957
SG_010894,0.581305217536256
SG_010896,0.7449991665277546
SG_010898,0.30234205700950156
SG_010902,0.3422237039506585
SG_010904,0.6939906651108518
SG_010907,0.9609101516919487
SG_010911,0.13648108018003002
SG_010922,0.7005334222370395
SG_010930,0.027087847974662443
SG_010946,0.6382313718953159
SG_010951,0.08968161360226705
SG_010956,0.7857142857142858
SG_010960,0.9505334222370395
SG_010961,0.5141690281713619
SG_010962,0.6605684280713453
SG_010969,0.23478913152192032
SG_010971,0.24441573595599267
SG_010973,0.6413152192032006
SG_010974,0.10889314885814302
SG_010977,0.00775129188198033
SG_010982,0.2298299716619437
SG_010985,0.3961910318386398
SG_010986,0.3683530588431405
SG_010987,0.8964410735122521
SG_010993,0.2833805634272379
SG_010995,0.046216036006001
SG_010998,0.8910235039173195
SG_011003,0.4246957826304384
SG_011010,0.16611101850308385
SG_011012,0.403525587597933
SG_011016,0.6060593432238707
SG_011017,0.2161610268378063
SG_011025,0.15656776129354893
SG_011031,0.8069261543590598
SG_011050,0.05138356392732123
SG_011052,0.3884397399566595
SG_011053,0.5172945490915153
SG_011055,0.3085097516252709
SG_011057,0.7810885147524587
SG_011060,0.26254375729288215
SG_011073,0.3954825804300717
SG_011075,0.5716786131021837
SG_011077,0.2778379729954992
SG_011088,0.2690865144190699
SG_011089,0.43394732455409235
SG_011097,0.13468911485247542
SG_011107,0.3185114185697616
SG_011110,0.4985414235705951
SG_011117,0.34826637772962155
SG_011120,0.7991748624770796
SG_011132,0.48787297882980496
SG_011133,0.14656609434905818
SG_011139,0.9771628604767462
SG_011143,0.9007334555759293
SG_011144,0.3098433072178696
SG_011147,0.8015919319886649
SG_011148,0.6648191365227537
SG_011151,0.07851308551425237
SG_011152,0.940781796966161
SG_011154,0.22357892982163696
SG_011158,0.5769711618603101
SG_011159,0.9333638939823304
SG_011160,0.7506667777962994
SG_011161,0.5853475579263211
SG_011162,0.17382063677279547
SG_011164,0.17144524087347893
SG_011169,0.23345557592932156
SG_011170,0.010585097516252709
SG_011175,0.447574595765961
SG_011176,0.6529421570261711
SG_011177,0.08251375229204867
SG_011182,0.5923487247874646
SG_011184,0.7411651941990332
SG_011186,0.5731788631438572
SG_011190,0.04613268878146358
SG_011192,0.8743123853975663
SG_011199,0.0778879813302217
SG_011200,0.15160860143357224
SG_011201,0.245665944324054
SG_011203,0.2408734789131522
SG_011208,0.9741206867811303
SG_011212,0.4253625604267378
SG_011214,0.3189698283047175
SG_011221,0.9549924987497915
SG_011222,0.7079513252208702
SG_011224,0.31017669611601933
SG_011226,0.903525587597933
SG_011235,0.8420153358893149
SG_011239,0.34122353725620935
SG_011250,0.2587097849641607
SG_011257,0.7567511251875313
SG_011259,0.5478829804967494
SG_011261,0.4154442407067845
SG_011262,0.8143023837306217
SG_011266,0.35764294049008166
SG_011274,0.11131021836972829
SG_011275,0.20603433905650942
SG_011279,0.07722120353392231
SG_011280,0.6680280046674445
SG_011285,0.054842473745624266
SG_011291,0.5389231538589766
SG_011294,0.2994665777629605
SG_011298,0.3425154192365394
SG_011303,0.47541256876146026
SG_011304,0.25520920153358895
SG_011306,0.29721620270045007
SG_011307,0.24874979163193867
SG_011308,0.8409318219703285
SG_011309,0.5681363560593432
SG_011310,0.5979746624437406
SG_011312,0.9193615602600433
SG_011313,0.9762877146191031
SG_011327,0.18132188698116353
SG_011333,0.31559426571095184
SG_011335,0.4922903817302884
SG_011337,0.4502000333388898
SG_011340,0.058926487747957994
SG_011343,0.12343723953992332
SG_011345,0.1834472412068678
SG_011347,0.3802300383397233
SG_011350,0.16456909484914153
SG_011357,0.614394065677613
SG_011360,0.6061426904484081
SG_011361,0.8486831138523088
SG_011367,0.050591765294215704
SG_011371,0.32013668944824136
SG_011376,0.37656276046007664
SG_011377,0.8860643440573428
SG_011380,0.3828554759126521
SG_011381,0.24866644440740124
SG_011383,0.12243707284547425
SG_011398,0.7337889648274712
SG_011401,0.5740540090015002
SG_011413,0.910026671111852
SG_011416,0.33034672445407576
SG_011420,0.5919736622770462
SG_011429,0.561093515585931
SG_011432,0.1535672612102017
SG_011437,0.3679779963327221
SG_011443,0.4312385397566261
SG_011447,0.7702533755625938
SG_011450,0.3559343223870645
SG_011457,0.7424570761793632
SG_011458,0.38702283713952323
SG_011460,0.5957242873812302
SG_011464,0.24016502750458407
SG_011468,0.44115685947657945
SG_011469,0.759543257209535
SG_011473,0.9164444074012336
SG_011475,0.9190281713618936
SG_011479,0.5192948824804133
SG_011482,0.9092348724787465
SG_011483,0.904234039006501
SG_011492,0.5785547591265211
SG_011493,0.7364977496249374
SG_011497,0.3170945157526255
SG_011503,0.379396566094349
SG_011504,0.5807217869644941
SG_011505,0.6876146024337388
SG_011512,0.5359226537756293
SG_011519,0.5510085014169028
SG_011526,0.6251458576429405
SG_011527,0.15698449741623605
SG_011528,0.23928988164694115
SG_011532,0.15273378896482748
SG_011541,0.2412068678113019
SG_011544,0.20799299883313888
SG_011547,0.8547257876312719
SG_011548,0.8475162527087848
SG_011552,0.5953075512585431
SG_011566,0.4136939489914986
SG_011567,0.6399399899983331
SG_011569,0.5630938489748292
SG_011575,0.17923820636772797
SG_011576,0.8608518086347725
SG_011577,0.18794799133188866
SG_011581,0.3926071011835306
SG_011584,0.8679779963327221
SG_011586,0.7383313885647607
SG_011593,0.6448574762460411
SG_011597,0.31609434905817635
SG_011598,0.838098016336056
SG_011602,0.3852308718119687
SG_011605,0.6134772462077012
SG_011607,0.1433155525920987
SG_011612,0.9573262210368395
SG_011616,0.4456159359893315
SG_011617,0.3643940656776129
SG_011620,0.9162777129521587
SG_011622,0.3126354392398733
SG_011625,0.3883980663443907
SG_011626,0.49466577762960495
SG_011627,0.939489914985831
SG_011632,0.7940490081680279
SG_011633,0.5498416402733789
SG_011635,0.9411985330888482
SG_011638,0.4909151525254209
SG_011640,0.7715035839306551
SG_011645,0.3332638773128855
SG_011649,0.8513502250375062
SG_011656,0.40844307384564094
SG_011662,0.3093015502583764
SG_011663,0.3267627937989665
SG_011666,0.19899149858309717
SG_011672,0.024295715952658777
SG_011673,0.6919903317219537
SG_011676,0.8605600933488915
SG_011678,0.49445740956826134
SG_011682,0.5715952658776463
SG_011683,0.17148691448574763
SG_011684,0.0909318219703284
SG_011691,0.891106851141857
SG_011694,0.030380063343890647
SG_011695,0.3398066344390732
SG_011697,0.7802967161193533
SG_011699,0.06909484914152358
SG_011701,0.6298549758293048
SG_011704,0.6951575262543758
SG_011705,0.7101183530588431
SG_011708,0.3848558093015503
SG_011714,0.9022753792298717
SG_011715,0.6924487414569095
SG_011720,0.32517919653275545
SG_011721,0.05246707784630771
SG_011727,0.14014835805967663
SG_011728,0.7152025337556259
SG_011729,0.360768461410235
SG_011731,0.3260543423903984
SG_011736,0.5833888981496916
SG_011737,0.3862310385064177
SG_011747,0.29313218869811636
SG_011749,0.7880480080013336
SG_011750,0.583180530088348
SG_011752,0.4516586097682947
SG_011757,0.9584097349558259
SG_011764,0.5377146191031839
SG_011767,0.12714619103183863
SG_011769,0.9716202700450074
SG_011770,0.7033672278713118
SG_011772,0.7952158693115519
SG_011773,0.24337389564927486
SG_011777,0.27400400066677777
SG_011779,0.13698116352725453
SG_011780,0.4808301383563927
SG_011786,0.7987997999666612
SG_011787,0.888939823303884
SG_011789,0.08430571761960327
SG_011796,0.21766127687947995
SG_011799,0.38743957326221035
SG_011801,0.2683780630105017
SG_011802,0.9673278879813303
SG_011806,0.021836972828804806
SG_011812,0.8260543423903983
SG_011814,0.8329721620270045
SG_011815,0.8336806134355726
SG_011816,0.8371395232538756
SG_011830,0.7177446241040173
SG_011833,0.1736539423237206
SG_011843,0.6839056509418235
SG_011853,0.9528254709118187
SG_011855,0.8838556426071011
SG_011858,0.18694782463743956
SG_011861,0.15552592098683113
SG_011863,0.8447657942990499
SG_011864,0.7709201533588931
SG_011868,0.6134355725954326
SG_011869,0.71216036006001
SG_011871,0.7484580763460577
SG_011886,0.34268211368561424
SG_011889,0.4487414569094849
SG_011890,0.6100600100016669
SG_011894,0.5865144190698449
SG_011896,0.28000500083347224
SG_011898,0.23195532588764795
SG_011900,0.5953908984830805
SG_011918,0.9750791798633105
SG_011922,0.3272212035339223
SG_011925,0.4185280880146691
SG_011926,0.630688448074679
SG_011927,0.7459159859976663
SG_011931,0.48599766627771296
SG_011933,0.17202867144524087
SG_011936,0.012127021170195032
SG_011939,0.1611935322553759
SG_011940,0.4075262543757292
SG_011953,0.5170028338056343
SG_011955,0.7325804300716786
SG_011956,0.6628188031338557
SG_011959,0.32722120353392226
SG_011961,0.8653108851475246
SG_011962,0.9530338389731623
SG_011966,0.9499083180530088
SG_011969,0.10239206534422404
SG_011971,0.13381396899483247
SG_011977,0.27037839639939987
SG_011978,0.19440740123353892
SG_011983,0.2616269378229705
SG_011986,0.4614519086514419
SG_011988,0.15694282380396735
SG_011993,0.667111185197533
SG_011995,0.8405984330721786
SG_011996,0.1891565260876813
SG_011997,0.5574679113185531
SG_012000,0.35497582930488414
SG_012013,0.39644107351225205
SG_012018,0.4648691448574762
SG_012019,0.7471245207534589
SG_012020,0.735705950991832
SG_012022,0.31996999499916656
SG_012031,0.40923487247874646
SG_012040,0.6386481080180031
SG_012041,0.07288714785797633
SG_012048,0.10022503750625104
SG_012050,0.14544090681780295
SG_012051,0.08430571761960326
SG_012052,0.9310301716952826
SG_012064,0.7695865977662943
SG_012066,0.25791798633105517
SG_012068,0.19094849141523587
SG_012076,0.7733372228704783
SG_012077,0.6716536089348225
SG_012078,0.12739623270545092
SG_012079,0.021878646441073513
SG_012080,0.7772545424237374
SG_012081,0.30550925154192365
SG_012082,0.44824137356226035
SG_012086,0.5643857309551592
SG_012089,0.6269794965827639
SG_012097,0.09230705117519586
SG_012104,0.26300216702783796
SG_012108,0.5760960160026671
SG_012113,0.6425237539589932
SG_012119,0.8439323220536756
SG_012124,0.8633522253708952
SG_012125,0.4898733122187031
SG_012141,0.7730038339723286
SG_012143,0.5184197366227705
SG_012145,0.17373728954825807
SG_012148,0.5135022503750625
SG_012150,0.37347891315219206
SG_012162,0.18798966494415736
SG_012165,0.47378729788298046
SG_012166,0.2540840140023337
SG_012167,0.703492248708118
SG_012168,0.164069011501917
SG_012169,0.16977829638273045
SG_012170,0.2777546257709618
SG_012175,0.2015752625437573
SG_012176,0.26087681280213365
SG_012177,0.47966327721286883
SG_012181,0.6835722620436739
SG_012186,0.9824554092348725
SG_012190,0.6477746291048507
SG_012192,0.8813135522587098
SG_012194,0.7174112352058677
SG_012195,0.3188448074679113
SG_012198,0.5404650775129188
SG_012199,0.4115685947657943
SG_012205,0.950616769461577
SG_012206,0.652942157026171
SG_012211,0.07334555759293215
SG_012212,0.6548591431905317
SG_012213,0.2430821803633939
SG_012216,0.5490498416402734
SG_012217,0.7158276379396566
SG_012218,0.8825637606267711
SG_012220,0.2358726454409068
SG_012225,0.342140356726121
SG_012230,0.1630271711951992
SG_012232,0.14235705950991834
SG_012234,0.2438739789964994
SG_012238,0.596474412402067
SG_012241,0.339389898316386
SG_012243,0.07722120353392231
SG_012247,0.39052342057009504
SG_012253,0.5295049174862477
SG_012258,0.8214285714285715
SG_012260,0.6113518919819969
SG_012263,0.1647774629104851
SG_012264,0.5871811968661443
SG_012266,0.9395732622103684
SG_012270,0.21011835305884313
SG_012272,0.09739123187197868
SG_012276,0.7613768961493582
SG_012277,0.3007584597432906
SG_012278,0.641815302550425
SG_012279,0.6522753792298717
SG_012280,0.7559593265544257
SG_012281,0.869728288048008
SG_012283,0.7536256042673779
SG_012284,0.8060093348891482
SG_012285,0.2806717786297716
SG_012290,0.6238539756626105
SG_012293,0.392982163693949
SG_012301,0.8477246207701283
SG_012305,0.4894982497082847
SG_012307,0.8679779963327221
SG_012308,0.504334055675946
SG_012310,0.5879729954992499
SG_012312,0.840973495582597
SG_012313,0.4352392065344224
SG_012316,0.5870561760293382
SG_012321,0.4058176362727121
SG_012322,0.7908401400233372
SG_012326,0.5087514585764294
SG_012334,0.13406401066844473
SG_012336,0.3360143357226204
SG_012337,0.45190865144190695
SG_012339,0.8288881480246708
SG_012340,0.3921070178363061
SG_012345,0.12197866311051841
SG_012355,0.8328471411901984
SG_012362,0.7132438739789966
SG_012363,0.33230538423070516
SG_012368,0.8781463577262877
SG_012375,0.12897982997166194
SG_012378,0.015835972662110353
SG_012381,0.124062343723954
SG_012384,0.16952825470911817
SG_012390,0.3943990665110852
SG_012393,0.47674612435405905
SG_012397,0.260543423903984
SG_012400,0.5873895649274878
SG_012402,0.6852808801466912
SG_012410,0.39148191365227536
SG_012414,0.28350558426404404
SG_012419,0.307051175195866
SG_012420,0.9737872978829805
SG_012422,0.7714619103183864
SG_012423,0.8039256542757127
SG_012424,0.10301716952825471
SG_012427,0.35439239873312217
SG_012432,0.3661443573928988
SG_012436,0.8315552592098683
SG_012437,0.6431071845307551
SG_012438,0.9328638106351058
SG_012444,0.1229371561926988
SG_012446,0.014544090681780296
SG_012452,0.8619769961660277
SG_012453,0.5241706951158527
SG_012456,0.4195282547091182
SG_012459,0.06292715452575429
SG_012468,0.2793382230371728
SG_012470,0.397024504084014
SG_012480,0.5063760626771129
SG_012484,0.2769628271378563
SG_012489,0.06380230038339724
SG_012493,0.4825804300716786
SG_012495,0.7875895982663778
SG_012499,0.7665027504584098
SG_012501,0.0451325220870145
SG_012502,0.14056509418236374
SG_012504,0.9444490748458075
SG_012506,0.2957992998833139
SG_012509,0.9019836639439907
SG_012510,0.9763293882313718
SG_012513,0.3379729954992499
SG_012519,0.6968661443573928
SG_012520,0.6197282880480081
SG_012521,0.04588264710785131
SG_012525,0.5758459743290549
SG_012527,0.3938573095515919
SG_012531,0.5989748291381897
SG_012533,0.9584930821803634
SG_012538,0.23558093015502585
SG_012539,0.9679113185530921
SG_012548,0.5070011668611435
SG_012550,0.7202867144524088
SG_012552,0.5041256876146025
SG_012556,0.4702867144524087
SG_012561,0.7004084014002334
SG_012562,0.18573928988164692
SG_012563,0.7579179863310552
SG_012564,0.8046757792965494
SG_012567,0.08434739123187199
SG_012568,0.9291965327554593
SG_012571,0.5510085014169028
SG_012575,0.08130521753625604
SG_012579,0.7094099016502751
SG_012588,0.33784797466244376
SG_012591,0.39348224704117357
SG_012594,0.5043340556759459
SG_012596,0.10655942657109518
SG_012600,0.8072178696449408
SG_012601,0.3139273212202034
SG_012603,0.13493915652608768
SG_012606,0.1404817469578263
SG_012609,0.9708284714119019
SG_012610,0.08084680780130021
SG_012615,0.11914485747624604
SG_012616,0.4746624437406234
SG_012619,0.3599349891648608
SG_012623,0.7469578263043841
SG_012628,0.43253042173695616
SG_012630,0.7894232372062009
SG_012632,0.729204867477913
SG_012636,0.6241456909484914
SG_012640,0.009959993332222037
SG_012643,0.83247207867978
SG_012648,0.9742040340056677
SG_012651,0.13114685780963492
SG_012654,0.3940656776129355
SG_012660,0.9011918653108852
SG_012661,0.7774629104850808
SG_012663,0.584347391231872
SG_012669,0.1528588098016336
SG_012674,0.5643857309551592
SG_012680,0.52296216036006
SG_012684,0.7106184364060677
SG_012688,0.3576846141023504
SG_012690,0.6791965327554592
SG_012697,0.3436406067677946
SG_012699,0.5475912652108684
SG_012701,0.11489414902483747
SG_012705,0.40473412235372563
SG_012709,0.5319636606101016
SG_012710,0.8991498583097183
SG_012715,0.5599683280546758
SG_012716,0.43307217869644943
SG_012718,0.6834889148191365
SG_012723,0.21103517252875478
SG_012724,0.48524754125687614
SG_012730,0.1542340390065011
SG_012734,0.9155275879313218
SG_012736,0.5164610768461411
SG_012738,0.2295382563760627
SG_012747,0.6819886647774629
SG_012749,0.8516002667111185
SG_012750,0.05188364727454575
SG_012753,0.48283047174529087
SG_012754,0.9111518586431072
SG_012757,0.2031171861976996
SG_012763,0.2259959993332222
SG_012764,0.23745624270711785
SG_012767,0.7788798133022171
SG_012768,0.2758376396066011
SG_012773,0.3462243707284547
SG_012775,0.1769044840806801
SG_012777,0.6462327054509085
SG_012786,0.5536756126021004
SG_012787,0.9705784297382898
SG_012792,0.6827804634105685
SG_012797,0.6442323720620103
SG_012805,0.5566344390731789
SG_012808,0.4694115685947658
SG_012810,0.8223037172862144
SG_012819,0.897732955492582
SG_012821,0.9590348391398567
SG_012822,0.6800716786131022
SG_012831,0.12827137856309384
SG_012844,0.8463077179529922
SG_012845,0.1408568094682447
SG_012848,0.020003333888981498
SG_012849,0.7916319386564427
SG_012851,0.8493498916486082
SG_012859,0.08876479413235538
SG_012861,0.5430488414735789
SG_012869,0.9114019003167194
SG_012870,0.5170861810301717
SG_012873,0.7265794299049841
SG_012874,0.7983413902317054
SG_012883,0.10247541256876146
SG_012886,0.6073512252042007
SG_012887,0.10618436406067677
SG_012888,0.37647941323553924
SG_012891,0.1263543923987331
SG_012898,0.38006334389064844
SG_012905,0.9304884147357892
SG_012910,0.663068844807468
SG_012913,0.26554425737622933
SG_012918,0.9547841306884481
SG_012919,0.48366394399066515
SG_012920,0.40694282380396735
SG_012923,0.0531338556426071
SG_012924,0.5455492582097017
SG_012926,0.9177779629938323
SG_012936,0.8306384397399567
SG_012938,0.6728204700783464
SG_012940,0.613227204534089
SG_012945,0.256501083513919
SG_012949,0.520503417236206
SG_012958,0.5977246207701283
SG_012962,0.7207451241873645
SG_012967,0.1361476912818803
SG_012968,0.2302883813968995
SG_012970,0.19149024837472914
SG_012972,0.3060926821136856
SG_012978,0.4296966161026838
SG_012979,0.4710368394732456
SG_012980,0.9359476579429905
SG_012981,0.9452825470911819
SG_012983,0.5362977162860476
SG_012984,0.7457492915485915
SG_012989,0.5950991831971996
SG_012994,0.16581930321720287
SG_012997,0.527879646607768
SG_013002,0.7757542923820637
SG_013009,0.6705284214035673
SG_013017,0.2259543257209535
SG_013023,0.784672445407568
SG_013028,0.22532922153692284
SG_013030,0.6513585597599599
SG_013033,0.899483247207868
SG_013042,0.5714702450408401
SG_013043,0.5722620436739456
SG_013045,0.7285380896816136
SG_013063,0.7469994999166528
SG_013064,0.4867477912985498
SG_013065,0.16140190031671944
SG_013068,0.8317219536589432
SG_013070,0.3077179529921653
SG_013071,0.37606267711285213
SG_013072,0.8984414069011502
SG_013077,0.2988831471911986
SG_013080,0.9642857142857143
SG_013082,0.6294382397066177
SG_013083,0.44386564427404573
SG_013085,0.8551008501416903
SG_013086,0.48045507584597436
SG_013093,0.302425404234039
SG_013094,0.29125687614602436
SG_013096,0.8621020170028337
SG_013104,0.947741290215036
SG_013108,0.3447241206867811
SG_013111,0.26258543090515085
SG_013112,0.5560926821136857
SG_013115,0.746249374895816
SG_013117,0.6771545257542924
SG_013125,0.10855975995999333
SG_013127,0.5286714452408735
SG_013135,0.2688781463577263
SG_013138,0.805759293215536
SG_013139,0.18344724120686784
SG_013141,0.9119436572762126
SG_013149,0.6556092682113686
SG_013150,0.8784380730121688
SG_013157,0.4202992165360893
SG_013159,0.8670195032505418
SG_013166,0.35893482247041175
SG_013172,0.49841640273378895
SG_013177,0.5521336889481581
SG_013178,0.06746957826304384
SG_013187,0.26604434072345395
SG_013196,0.48341390231705283
SG_013201,0.9424904150691782
SG_013202,0.10201700283380563
SG_013212,0.038339723287214536
SG_013219,0.5877646274379064
SG_013222,0.18861476912818803
SG_013223,0.6694865810968494
SG_013224,0.9512418736456076
SG_013233,0.0844307384564094
SG_013237,0.07784630771795299
SG_013245,0.08393065510918488
SG_013249,0.4486997832972162
SG_013250,0.5263377229538256
SG_013260,0.4817469578263044
SG_013264,0.29596599433238874
SG_013266,0.3688114685780963
SG_013267,0.905984330721787
SG_013269,0.3841890315052509
SG_013273,0.9313218869811635
SG_013276,0.06280213368894816
SG_013280,0.5559259876646108
SG_013281,0.6000583430571762
SG_013282,0.24058176362727124
SG_013288,0.6831555259209868
SG_013292,0.26616936156026005
SG_013294,0.7737956326054343
SG_013297,0.1856559426571095
SG_013304,0.10735122520420069
SG_013311,0.43923987331221864
SG_013313,0.7521670278379731
SG_013314,0.31755292548758124
SG_013315,0.49854142357059517
SG_013317,0.7747541256876147
SG_013321,0.5629271545257543
SG_013323,0.21791131855309218
SG_013327,0.4547841306884481
SG_013328,0.08484747457909651
SG_013332,0.1007667944657443
SG_013337,0.18861476912818803
SG_013338,0.6173528921486914
SG_013339,0.018128021336889483
SG_013340,0.6704867477912986
SG_013342,0.01062677112852142
SG_013344,0.22257876312718786
SG_013345,0.5434239039839973
SG_013347,0.46382730455075843
SG_013348,0.2412485414235706
SG_013356,0.7558343057176196
SG_013358,0.8703950658443074
SG_013359,0.4982913818969828
SG_013360,0.11189364894149025
SG_013361,0.2336639439906651
SG_013362,0.7611268544757459
SG_013366,0.29679946657776296
SG_013371,0.6706117686281046
SG_013372,0.6739039839973329
SG_013374,0.9019836639439907
SG_013380,0.026379396566094348
SG_013383,0.7006584430738456
SG_013384,0.19461576929488247
SG_013391,0.7541256876146023
SG_013392,0.4174445740956826
SG_013393,0.9760793465577596
SG_013396,0.9162777129521588
SG_013400,0.5801383563927321
SG_013404,0.22974662443740626
SG_013412,0.4064844140690115
SG_013413,0.9368228038006334
SG_013414,0.035589264877479584
SG_013418,0.9225704284047342
SG_013420,0.1214785797632939
SG_013421,0.5810551758626438
SG_013424,0.7946324387397898
SG_013427,0.7717952992165361
SG_013430,0.7867977996332722
SG_013435,0.5942240373395566
SG_013438,0.7706284380730122
SG_013440,0.6259793298883147
SG_013443,0.8793548924820804
SG_013444,0.5437156192698783
SG_013446,0.018211368561426904
SG_013447,0.1816136022670445
SG_013452,0.3570595099183197
SG_013454,0.856017669611602
SG_013456,0.7330805134189031
SG_013462,0.5871811968661443
SG_013463,0.8145940990165027
SG_013464,0.40594265710951827
SG_013468,0.21820303383897316
SG_013472,0.11226871145190864
SG_013474,0.5883480580096683
SG_013477,0.21886981163527253
SG_013480,0.3428488081346891
SG_013485,0.18865644274045676
SG_013486,0.5084597432905484
SG_013487,0.5366311051841973
SG_013491,0.8704367394565761
SG_013495,0.5283797299549925
SG_013499,0.24887481246874482
SG_013504,0.9847474579096516
SG_013508,0.6604850808468078
SG_013509,0.030630105017502914
SG_013515,0.5349224870811802
SG_013523,0.2581680280046674
SG_013528,0.6344390731788631
SG_013538,0.5387564594099017
SG_013542,0.27846307717952995
SG_013543,0.3148858143023837
SG_013544,0.7692532088681447
SG_013545,0.7159109851641939
SG_013546,0.34484914152358725
SG_013548,0.9875812635439241
SG_013549,0.9139439906651108
SG_013552,0.9970411735289215
SG_013553,0.614102350391732
SG_013554,0.4436572762127021
SG_013557,0.23845640940156693
SG_013558,0.5317969661610269
SG_013561,0.972120353392232
SG_013563,0.5608851475245874
SG_013565,0.28800633438906487
SG_013567,0.2344140690115019
SG_013568,0.2544174029004834
SG_013571,0.42761293548924817
SG_013574,0.598349724954159
SG_013575,0.0705534255709285
SG_013578,0.9735789298216369
SG_013579,0.7602100350058344
SG_013580,0.7232455409234873
SG_013586,0.03371395232538757
SG_013588,0.22882980496749458
SG_013591,0.6093932322053677
SG_013598,0.962035339223204
SG_013601,0.5222120353392232
SG_013602,0.9612018669778297
SG_013604,0.4609518253042174
SG_013608,0.76616936156026
SG_013610,0.5693032172028671
SG_013612,0.4290715119186531
SG_013613,0.2769628271378563
SG_013616,0.17736289381563594
SG_013619,0.47257876312718783
SG_013624,0.9310301716952825
SG_013626,0.7952575429238207
SG_013628,0.8384730788464745
SG_013629,0.2927987997999667
SG_013633,0.2540840140023337
SG_013635,0.04288214702450408
SG_013637,0.4824554092348725
SG_013638,0.6387314552425405
SG_013639,0.37456242707117854
SG_013641,0.5376729454909152
SG_013646,0.46261876979496586
SG_013653,0.4930821803633939
SG_013667,0.5627604600766796
SG_013668,0.6504834139023171
SG_013670,0.21999499916652776
SG_013675,0.895149191531922
SG_013677,0.5539673278879813
SG_013678,0.7580013335555926
SG_013681,0.32188698116352726
SG_013682,0.9611601933655609
SG_013683,0.9093598933155527
SG_013684,0.6297299549924987
SG_013685,0.3462243707284547
SG_013686,0.6947824637439574
SG_013690,0.4184447407901317
SG_013695,0.13227204534089015
SG_013705,0.4952492082013669
SG_013706,0.09876646107684614
SG_013708,0.012918819803300549
SG_013711,0.2643357226204367
SG_013713,0.8568511418569762
SG_013715,0.25333388898149695
SG_013716,0.769628271378563
SG_013726,0.7256209368228037
SG_013727,0.10601766961160194
SG_013728,0.5762627104517419
SG_013731,0.33376396066011005
SG_013733,0.013627271211868644
SG_013737,0.6547757959659943
SG_013740,0.6983663943990664
SG_013741,0.6660693448908152
SG_013744,0.11951991998666443
SG_013745,0.8601016836139357
SG_013746,0.332180363393899
SG_013747,0.6398566427737956
SG_013749,0.5439239873312218
SG_013755,0.28263043840640106
SG_013759,0.5481746957826305
SG_013765,0.5093348891481915
SG_013766,0.8484330721786965
SG_013769,0.2902150358393066
SG_013773,0.9456576096016002
SG_013785,0.30838473078846473
SG_013793,0.15631771961993668
SG_013800,0.1161443573928988
SG_013808,0.5738873145524254
SG_013815,0.7048258043007167
SG_013827,0.39860810135022506
SG_013840,0.24470745124187365
SG_013841,0.06171861976996166
SG_013842,0.2897566261043507
SG_013844,0.8778546424404068
SG_013845,0.6368561426904484
SG_013849,0.2756292715452575
SG_013850,0.271378563093849
SG_013851,0.20470078346391066
SG_013853,0.6919903317219537
SG_013854,0.17532088681446906
SG_013855,0.5320470078346391
SG_013857,0.6511918653108851
SG_013860,0.9645357559593266
SG_013862,0.6550675112518753
SG_013867,0.9024837472912153
SG_013868,0.33438906484414066
SG_013870,0.2449574929154859
SG_013883,0.14144024004000666
SG_013884,0.2125770961826971
SG_013885,0.7919653275545924
SG_013892,0.8948574762460411
SG_013896,0.0775129188198033
SG_013898,0.5732622103683948
SG_013901,0.9066927821303551
SG_013905,0.8021336889481581
SG_013906,0.7103683947324554
SG_013907,0.17386231038506417
SG_013910,0.6115185864310719
SG_013912,0.5424237372895483
SG_013914,0.4424904150691782
SG_013919,0.8822720453408901
SG_013922,0.6463577262877146
SG_013943,0.2900900150025004
SG_013944,0.11960326721120187
SG_013946,0.3440990165027505
SG_013948,0.2120770128354726
SG_013949,0.4782463743957326
SG_013953,0.6361060176696116
SG_013962,0.8221370228371395
SG_013965,0.8709368228038006
SG_013969,0.8165944324054009
SG_013974,0.19890815135855977
SG_013978,0.397607934655776
SG_013979,0.1625687614602434
SG_013980,0.9188198033005501
SG_013986,0.35293382230371734
SG_013997,0.34834972495415906
SG_014000,0.8700616769461577
SG_014004,0.04479913318886481
SG_014009,0.6811551925320887
SG_014010,0.6226871145190866
SG_014012,0.44178196366061007
SG_014014,0.684280713452242
SG_014015,0.7009501583597266
SG_014016,0.5653025504250709
SG_014017,0.9886231038506418
SG_014018,0.01750291715285881
SG_014020,0.49437406234372394
SG_014021,0.25145857642940495
SG_014022,0.4251958659776629
SG_014023,0.5990998499749959
SG_014026,0.9034839139856643
SG_014030,0.5843890648441408
SG_014031,0.6423153858976496
SG_014036,0.2030338389731622
SG_014037,0.07642940490081682
SG_014039,0.5916402733788965
SG_014045,0.5019169861643608
SG_014046,0.7812968828138023
SG_014047,0.5618853142190365
SG_014050,0.023920653442240373
SG_014053,0.6472745457576262
SG_014058,0.9043590598433072
SG_014059,0.7893398899816636
SG_014062,0.5079179863310552
SG_014067,0.7812135355892649
SG_014072,0.013377229538256376
SG_014073,0.47149524920820135
SG_014075,0.36476912818803137
SG_014081,0.5622187031171861
SG_014085,0.27846307717952995
SG_014088,0.48245540923487246
SG_014096,0.6443990665110851
SG_014099,0.9583680613435573
SG_014102,0.12427071178529756
SG_014105,0.7756292715452575
SG_014111,0.9054842473745625
SG_014113,0.881563593932322
SG_014116,0.06059343223870646
SG_014122,0.6003917319553259
SG_014123,0.5880146691115186
SG_014124,0.8467661276879479
SG_014130,0.9118186364394065
SG_014132,0.5429238206367728
SG_014135,0.9688698116352725
SG_014136,0.3995665944324054
SG_014139,0.6231455242540423
SG_014140,0.6622353725620937
SG_014141,0.5447157859643273
SG_014146,0.7926321053508918
SG_014155,0.6129771628604768
SG_014157,0.5194199033172195
SG_014161,0.44494915819303216
SG_014162,0.6428154692448742
SG_014165,0.6760710118353059
SG_014167,0.9393232205367561
SG_014168,0.5781796966161027
SG_014172,0.0603850641773629
SG_014176,0.21482747124520754
SG_014177,0.9751625270878479
SG_014184,0.9700366727787965
SG_014186,0.7645024170695116
SG_014188,0.3376812802133689
SG_014190,0.13127187864644108
SG_014191,0.21995332555425906
SG_014192,0.07638773128854809
SG_014194,0.7738789798299718
SG_014196,0.4904150691781964
SG_014197,0.9727871311885314
SG_014205,0.37731288548091346
SG_014210,0.2742123687281213
SG_014217,0.5740540090015002
SG_014219,0.783213868978163
SG_014223,0.7623770628438074
SG_014235,0.04417402900483414
SG_014237,0.8088431405234207
SG_014243,0.6242290381730289
SG_014248,0.7951741956992832
SG_014249,0.5619686614435739
SG_014259,0.5414235705950992
SG_014269,0.728038006334389
SG_014270,0.7714619103183864
SG_014272,0.05121686947824637
SG_014277,0.27383730621770297
SG_014288,0.5877229538256376
SG_014290,0.2289548258043007
SG_014292,0.5912235372562094
SG_014293,0.2198283047174529
SG_014295,0.651941990331722
SG_014299,0.41927821303550594
SG_014308,0.7181613602267045
SG_014309,0.2839223203867311
SG_014311,0.9832888814802467
SG_014314,0.8218036339389898
SG_014319,0.1371478579763294
SG_014320,0.07001166861143523
SG_014321,0.985705950991832
SG_014328,0.7894649108184697
SG_014334,0.06351058509751625
SG_014335,0.35510085014169024
SG_014339,0.7446241040173363
SG_014342,0.09005667611268545
SG_014343,0.9750791798633106
SG_014345,0.24833305550925155
SG_014363,0.33076346057676276
SG_014368,0.27746291048508087
SG_014370,0.03992332055342557
SG_014373,0.5735539256542757
SG_014375,0.43719786631105184
SG_014380,0.8592265377562927
SG_014383,0.9034422403733955
SG_014385,0.8453908984830805
SG_014386,0.6671528588098016
SG_014387,0.37168694782463746
SG_014389,0.716077679613269
SG_014391,0.10597599599933323
SG_014394,0.9899566594432405
SG_014398,0.4323637272878813
SG_014402,0.14910818469744958
SG_014409,0.34839139856642776
SG_014411,0.7014085680946824
SG_014415,0.7221620270045007
SG_014416,0.6731121853642273
SG_014418,0.13052175362560425
SG_014425,0.38902317052842145
SG_014426,0.7823387231205201
SG_014431,0.5980580096682779
SG_014432,0.8409734955825972
SG_014446,0.7984247374562427
SG_014447,0.29092348724787465
SG_014457,0.4176112685447575
SG_014465,0.5830971828638106
SG_014466,0.2762127021170195
SG_014469,0.24316552758793133
SG_014474,0.12193698949824971
SG_014484,0.5222953825637606
SG_014486,0.05155025837639607
SG_014488,0.2737122853808968
SG_014491,0.530338389731622
SG_014495,0.8376812802133689
SG_014512,0.8314302383730621
SG_014514,0.3221786964494083
SG_014516,0.7192448741456909
SG_014519,0.3406401066844474
SG_014522,0.05813468911485247
SG_014529,0.7731705284214035
SG_014538,0.6620686781130187
SG_014544,0.6520253375562595
SG_014551,0.3120936822803801
SG_014552,0.6081013502250375
SG_014556,0.3067177862977163
SG_014562,0.7743790631771962
SG_014565,0.16606934489081515
SG_014566,0.9261543590598433
SG_014568,0.0480496749458243
SG_014569,0.15227537922987164
SG_014570,0.6276046007667945
SG_014578,0.17527921320220036
SG_014579,0.7177029504917485
SG_014581,0.46774462410401735
SG_014582,0.4665777629604934
SG_014583,0.12681280213368895
SG_014587,0.5700116686114354
SG_014594,0.24362393732288715
SG_014596,0.6235205867644608
SG_014597,0.5191281880313385
SG_014607,0.7542923820636773
SG_014611,0.23999833305550924
SG_014616,0.38681446907817973
SG_014617,0.4064010668444741
SG_014618,0.626812802133689
SG_014619,0.16140190031671947
SG_014621,0.6173945657609602
SG_014626,0.7122020336722787
SG_014634,0.025795965994332388
SG_014635,0.6275629271545258
SG_014636,0.5336306051008501
SG_014637,0.22653775629271544
SG_014640,0.4185280880146691
SG_014641,0.5959326554425737
SG_014645,0.3350558426404401
SG_014647,0.17411235205867648
SG_014653,0.2740040006667778
SG_014655,0.13652275379229872
SG_014656,0.9395315885980997
SG_014657,0.8738539756626105
SG_014660,0.9136522753792299
SG_014667,0.37322887147857975
SG_014672,0.5978496416069344
SG_014677,0.4445740956826138
SG_014680,0.7264127354559093
SG_014681,0.7885897649608269
SG_014687,0.4854559093182197
SG_014690,0.728913152192032
SG_014691,0.11510251708618102
SG_014700,0.9179863310551759
SG_014701,0.8869811635272546
SG_014702,0.8531421903650608
SG_014703,0.08522253708951491
SG_014712,0.7444157359559926
SG_014713,0.10693448908151358
SG_014718,0.314552425404234
SG_014720,0.8098433072178697
SG_014723,0.2531671945324221
SG_014729,0.9401983663943991
SG_014731,0.6806967827971329
SG_014733,0.6553175529254875
SG_014735,0.8659359893315552
SG_014742,0.010960160026671113
SG_014746,0.048758126354392396
SG_014748,0.11010168361393564
SG_014749,0.521795299216536
SG_014753,0.3634772462077013
SG_014754,0.42661276879479915
SG_014757,0.3888564760793466
SG_014771,0.49574929154859143
SG_014774,0.6537756292715453
SG_014777,0.5404650775129188
SG_014778,0.9071095182530422
SG_014780,0.5402150358393065
SG_014787,0.6978246374395732
SG_014800,0.524837472912152
SG_014801,0.8740623437239541
SG_014802,0.3400983497249542
SG_014803,0.5045007501250208
SG_014808,0.10435072512085349
SG_014812,0.05367561260210035
SG_014813,0.06634439073178863
SG_014815,0.7449991665277546
SG_014824,0.011043507251208534
SG_014825,0.6409818303050508
SG_014827,0.6133105517586265
SG_014830,0.039089848308051345
SG_014834,0.15294215702617103
SG_014839,0.8722703783963994
SG_014844,0.9562843807301216
SG_014865,0.8373062177029506
SG_014866,0.10855975995999333
SG_014867,0.6702367061176864
SG_014871,0.7597516252708785
SG_014874,0.20878479746624437
SG_014875,0.5475912652108684
SG_014879,0.25845974329054844
SG_014880,0.04179863310551759
SG_014882,0.5365477579596599
SG_014885,0.9365727621270212
SG_014887,0.6482330388398065
SG_014894,0.1335639273212202
SG_014895,0.3903150525087515
SG_014898,0.16981996999499915
SG_014900,0.6362310385064177
SG_014906,0.9154025670945158
SG_014909,0.15619269878313052
SG_014914,0.4505750958493082
SG_014919,0.32876312718786466
SG_014921,0.37972995499249873
SG_014939,0.8790215035839306
SG_014940,0.5340056676112686
SG_014945,0.4136939489914986
SG_014946,0.03317219536589432
SG_014951,0.8698116352725455
SG_014953,0.9431571928654775
SG_014955,0.5106684447407901
SG_014959,0.388648108018003
SG_014961,0.682113685614269
SG_014964,0.7895482580430072
SG_014965,0.15823470578429738
SG_014966,0.600808468078013
SG_014969,0.8440573428904816
SG_014972,0.7233705617602934
SG_014976,0.9006501083513919
SG_014979,0.04738289714952492
SG_014980,0.8128438073012169
SG_014984,0.6469411568594766
SG_014990,0.0207534589098183
SG_014998,0.1896982830471745
SG_014999,0.09180696782797133
SG_015001,0.6986581096849476
SG_015002,0.7435822637106184
SG_015014,0.48228871478579766
SG_015015,0.262418736456076
SG_015021,0.3928988164694116
SG_015026,0.5949324887481247
SG_015031,0.8929821636939489
SG_015036,0.38327221203533923
SG_015039,0.1358143023837306
SG_015042,0.41073512252042005
SG_015044,0.1878229704950825
SG_015046,0.6316469411568595
SG_015047,0.8171361893648941
SG_015050,0.2354559093182197
SG_015054,0.7124104017336221
SG_015066,0.4841223537256209
SG_015068,0.9501583597266211
SG_015071,0.3761460243373896
SG_015075,0.15819303217202868
SG_015076,0.04904984164027337
SG_015081,0.5042090348391399
SG_015082,0.440198366394399
SG_015085,0.14535755959326552
SG_015093,0.8724370728454742
SG_015095,0.45940990165027507
SG_015099,0.28800633438906487
SG_015102,0.3349724954159026
SG_015103,0.9136522753792299
SG_015111,0.40185864310718455
SG_015112,0.5212535422570428
SG_015118,0.2637939656609435
SG_015125,0.4284464077346224
SG_015126,0.4793298883147192
SG_015127,0.5087931321886981
SG_015129,0.34843307217869646
SG_015134,0.8937322887147858
SG_015135,0.20907651275212535
SG_015137,0.3341806967827971
SG_015138,0.8836889481580263
SG_015144,0.8364310718453075
SG_015146,0.3561426904484081
SG_015152,0.5038756459409902
SG_015155,0.4026504417402901
SG_015158,0.7029921653608934
SG_015159,0.8263043840640107
SG_015161,0.5316719453242207
SG_015165,0.8691448574762461
SG_015167,0.6136856142690448
SG_015169,0.7892565427571262
SG_015176,0.8952325387564595
SG_015180,0.26287714619103186
SG_015183,0.299966661110185
SG_015189,0.6919903317219537
SG_015190,0.0778879813302217
SG_015192,0.37293715619269874
SG_015195,0.2212452075345891
SG_015197,0.6774462410401734
SG_015201,0.842557092848808
SG_015202,0.19753292215369225
SG_015214,0.4744540756792799
SG_015215,0.6537756292715452
SG_015217,0.12085347557926321
SG_015222,0.2908401400233372
SG_015224,0.21657776296049341
SG_015235,0.3823137189531589
SG_015239,0.30213368894815806
SG_015246,0.28988164694115687
SG_015251,0.5649691615269212
SG_015252,0.7831305217536256
SG_015256,0.6792798799799966
SG_015257,0.7222453742290382
SG_015261,0.3913568928154692
SG_015262,0.5899733288881481
SG_015263,0.7209118186364394
SG_015269,0.45920153358893145
SG_015270,0.0909318219703284
SG_015272,0.4822053675612602
SG_015276,0.8657276212702116
SG_015277,0.1423153858976496
SG_015278,0.263293882313719
SG_015279,0.773545590931822
SG_015280,0.708993165527588
SG_015283,0.46074345724287386
SG_015284,0.6873645607601266
SG_015289,0.9454492415402568
SG_015290,0.37864644107351225
SG_015294,0.6659026504417402
SG_015296,0.12597932988831473
SG_015297,0.9851225204200701
SG_015302,0.26758626437739624
SG_015304,0.8605600933488915
SG_015308,0.5381313552258711
SG_015309,0.5290881813635606
SG_015312,0.872312052008668
SG_015317,0.799383230538423
SG_015322,0.4228621436906151
SG_015323,0.6780296716119354
SG_015326,0.7011168528088014
SG_015329,0.08030505084180697
SG_015337,0.33518086347724624
SG_015339,0.6358976496082681
SG_015340,0.4474912485414236
SG_015341,0.8252625437572929
SG_015346,0.5838056342723787
SG_015348,0.37722953825637606
SG_015349,0.5925987664610768
SG_015351,0.8118853142190365
SG_015355,0.1000583430571762
SG_015356,0.4684114019003167
SG_015360,0.4597432905484248
SG_015361,0.5715119186531088
SG_015362,0.9391565260876812
SG_015363,0.260543423903984
SG_015369,0.3662277046174362
SG_015372,0.4353225537589598
SG_015375,0.03350558426404401
SG_015381,0.7385814302383731
SG_015382,0.05355059176529422
SG_015383,0.28575595932655445
SG_015384,0.7945907651275212
SG_015388,0.4424487414569095
SG_015395,0.31288548091348556
SG_015397,0.2940906817802967
SG_015399,0.6854059009834972
SG_015400,0.9187364560760126
SG_015401,0.22220370061676945
SG_015402,0.6419403233872312
SG_015403,0.6485247541256876
SG_015406,0.6346891148524754
SG_015412,0.8350975162527088
SG_015421,0.932113685614269
SG_015424,0.4468661443573928
SG_015425,0.31971995332555425
SG_015428,0.5664277379563261
SG_015430,0.5751375229204867
SG_015431,0.2546674445740957
SG_015439,0.39177362893815637
SG_015440,0.03521420236706117
SG_015446,0.7661276879479915
SG_015447,0.30971828638106347
SG_015448,0.3943573928988165
SG_015452,0.48820636772795467
SG_015454,0.7828388064677446
SG_015458,0.6337722953825637
SG_015462,0.44669944990831806
SG_015463,0.7618769794965827
SG_015464,0.5116686114352391
SG_015466,0.4328638106351058
SG_015467,0.6996582763793965
SG_015470,0.2326221036839473
SG_015473,0.39464910818469745
SG_015479,0.262418736456076
SG_015481,0.7717952992165361
SG_015483,0.47707951325220865
SG_015492,0.8168861476912819
SG_015495,0.19932488748124688
SG_015498,0.6871145190865143
SG_015503,0.07126187697949658
SG_015507,0.7440823470578429
SG_015512,0.2591265210868478
SG_015514,0.40610935155859307
SG_015517,0.9106517752958827
SG_015520,0.8538089681613602
SG_015524,0.36956159359893315
SG_015526,0.5599266544424071
SG_015527,0.1382730455075846
SG_015535,0.33388898149691615
SG_015537,0.7874645774295715
SG_015538,0.6859893315552591
SG_015540,0.7243290548424737
SG_015542,0.09351558593098849
SG_015543,0.9333638939823303
SG_015544,0.31559426571095184
SG_015546,0.842723787297883
SG_015547,0.5532172028671445
SG_015550,0.1718203033838973
SG_015556,0.2765460910151692
SG_015558,0.6446491081846975
SG_015559,0.9394899149858309
SG_015560,0.6817802967161193
SG_015562,0.2361226871145191
SG_015565,0.18036339389898318
SG_015568,0.9341140190031672
SG_015572,0.4671195199199867
SG_015576,0.05634272378729788
SG_015578,0.012585430905150859
SG_015580,0.44165694282380397
SG_015582,0.263002167027838
SG_015584,0.6819469911651942
SG_015585,0.5445490915152525
SG_015586,0.2204950825137523
SG_015587,0.25354225704284045
SG_015589,0.7442073678946491
SG_015590,0.4221120186697783
SG_015591,0.7519586597766295
SG_015593,0.7383313885647608
SG_015597,0.5200033338889815
SG_015598,0.8335555925987664
SG_015600,0.8395982663777296
SG_015606,0.9581180196699449
SG_015613,0.766586097682947
SG_015615,0.8708118019669945
SG_015617,0.36226871145190864
SG_015619,0.2860893482247041
SG_015623,0.4698283047174529
SG_015627,0.9443240540090015
SG_015637,0.1762377062843807
SG_015641,0.6869478246374396
SG_015644,0.7574179029838307
SG_015649,0.11560260043340556
SG_015654,0.8283463910651776
SG_015655,0.9702450408401401
SG_015656,0.25420903483913987
SG_015659,0.5127937989664945
SG_015662,0.8183030505084181
SG_015664,0.24237372895482578
SG_015671,0.6434405734289048
SG_015675,0.038506417736289385
SG_015678,0.493498916486081
SG_015680,0.6106434405734289
SG_015681,0.15981830305050843
SG_015682,0.8465994332388731
SG_015684,0.30825970995165863
SG_015693,0.6895732622103684
SG_015708,0.9415319219869979
SG_015715,0.4917069511585264
SG_015716,0.6076846141023504
SG_015718,0.05921820303383897
SG_015721,0.6560260043340557
SG_015724,0.8339306551091848
SG_015726,0.74870811801967
SG_015729,0.3825637606267711
SG_015730,0.6196866144357394
SG_015735,0.028838139689948326
SG_015738,0.7677529588264711
SG_015743,0.264294049008168
SG_015744,0.1255209201533589
SG_015746,0.15015002500416735
SG_015756,0.42736289381563597
SG_015762,0.6549841640273378
SG_015763,0.44849141523587266
SG_015766,0.5750125020836806
SG_015769,0.6401900316719453
SG_015770,0.2636689448241374
SG_015772,0.3398066344390732
SG_015773,0.897024504084014
SG_015780,0.27337889648274716
SG_015790,0.5215035839306551
SG_015797,0.36218536422737124
SG_015806,0.1521086847807968
SG_015810,0.6797382897149524
SG_015815,0.31596932822137025
SG_015817,0.8078429738289714
SG_015818,0.6930738456409401
SG_015819,0.3822303717286214
SG_015820,0.713327221203534
SG_015827,0.1726746124354059
SG_015828,0.090265044174029
SG_015829,0.24808301383563924
SG_015832,0.28546424404067344
SG_015833,0.5841806967827972
SG_015834,0.056009334889148193
SG_015838,0.5221286881146858
SG_015840,0.19182363727287882
SG_015842,0.6169361560260044
SG_015845,0.11181030171695283
SG_015849,0.5255875979329888
SG_015857,0.2529588264710785
SG_015859,0.004084014002333722
SG_015860,0.9093182197032839
SG_015867,0.2633355559259877
SG_015873,0.7429571595265878
SG_015878,0.7192865477579597
SG_015879,0.013418903150525087
SG_015880,0.7890898483080513
SG_015881,0.09168194699116519
SG_015884,0.31251041840306715
SG_015885,0.2736289381563594
SG_015891,0.4789964994165694
SG_015893,0.45957659609934987
SG_015898,0.5564260710118353
SG_015900,0.7937989664944157
SG_015901,0.36847807967994667
SG_015907,0.6038923153858977
SG_015908,0.5675112518753126
SG_015910,0.8824804134022336
SG_015914,0.5799299883313886
SG_015917,0.9675779296549425
SG_015921,0.9082763793965661
SG_015922,0.5107934655775963
SG_015928,0.8893982330388398
SG_015939,0.5281296882813803
SG_015940,0.2406234372395399
SG_015942,0.8334305717619603
SG_015943,0.9019836639439907
SG_015947,0.4312802133688948
SG_015950,0.6610268378063011
SG_015951,0.834347391231872
SG_015955,0.10689281546924488
SG_015964,0.6301466911151858
SG_015965,0.46966161026837805
SG_015972,0.4044424070678446
SG_015973,0.13218869811635273
SG_015975,0.08580596766127688
SG_015977,0.6335639273212201
SG_015978,0.8745207534589098
SG_015979,0.9767877979663278
SG_015980,0.2925487581263544
SG_015981,0.46853642273712287
SG_015985,0.7311218536422737
SG_015988,0.5712618769794966
SG_015989,0.4378229704950825
SG_015990,0.5970995165860977
SG_015998,0.8645190865144192
SG_015999,0.06230205034172362
SG_016002,0.7942157026171028
SG_016003,0.20540923487247875
SG_016004,0.6572345390898483
SG_016008,0.9905400900150025
SG_016010,0.8462660443407235
SG_016013,0.7657526254375728
SG_016015,0.5271711951991999
SG_016020,0.12356226037672946
SG_016021,0.642982163693949
SG_016022,0.2610018336389398
SG_016027,0.6453575595932656
SG_016028,0.3756876146024337
SG_016029,0.08755625937656276
SG_016030,0.8534339056509419
SG_016045,0.2672945490915153
SG_016048,0.4604100683447241
SG_016049,0.16527754625770963
SG_016054,0.9741206867811302
SG_016056,0.578429738289715
SG_016060,0.6363977329554925
SG_016065,0.16681946991165192
SG_016081,0.19778296382730454
SG_016085,0.04438239706617769
SG_016089,0.20274212368728123
SG_016091,0.9104850808468077
SG_016092,0.7331638606434405
SG_016101,0.8986497749624938
SG_016102,0.8305134189031504
SG_016103,0.6190615102517086
SG_016108,0.1604017336222704
SG_016109,0.5581763627271211
SG_016111,0.8481413568928153
SG_016113,0.23308051341890315
SG_016114,0.3644357392898817
SG_016115,0.6382313718953159
SG_016116,0.6505250875145858
SG_016119,0.19294882480413403
SG_016124,0.20599266544424072
SG_016127,0.5340473412235373
SG_016132,0.9227787964660777
SG_016133,0.39506584430738456
SG_016134,0.605725954325721
SG_016138,0.1316886147691282
SG_016140,0.7966327721286881
SG_016146,0.8643523920653442
SG_016147,0.4002750458409735
SG_016156,0.8729371561926988
SG_016158,0.3684364060676779
SG_016159,0.7729621603600599
SG_016160,0.03983997332888815
SG_016161,0.15631771961993662
SG_016163,0.7975495915985997
SG_016164,0.6899899983330555
SG_016165,0.730205034172362
SG_016166,0.08559759959993332
SG_016171,0.7781296882813802
SG_016172,0.7729204867477912
SG_016174,0.497249541590265
SG_016176,0.33659776629438243
SG_016179,0.8793132188698116
SG_016181,0.9325304217369561
SG_016183,0.06505250875145858
SG_016185,0.6099349891648608
SG_016186,0.20603433905650942
SG_016187,0.08818136356059343
SG_016188,0.7880896816136023
SG_016190,0.07717952992165361
SG_016194,0.6385647607934656
SG_016195,0.09780796799466578
SG_016196,0.8539339889981663
SG_016197,0.5800550091681947
SG_016211,0.12306217702950492
SG_016214,0.9419069844974162
SG_016215,0.4763710618436406
SG_016219,0.7197866311051841
SG_016221,0.7288714785797632
SG_016222,0.3008001333555592
SG_016224,0.21566094349058176
SG_016225,0.9059843307217869
SG_016233,0.7164527421236873
SG_016234,0.34864144024003996
SG_016235,0.2869228204700784
SG_016238,0.057092848808134686
SG_016242,0.7606267711285215
SG_016244,0.057009501583597265
SG_016245,0.11801966994499083
SG_016246,0.8258876479413236
SG_016249,0.39110685114185695
SG_016251,0.8904400733455576
SG_016252,0.9042340390065011
SG_016259,0.5354642440406734
SG_016262,0.6067677946324387
SG_016263,0.021670278379729957
SG_016268,0.6524837472912153
SG_016270,0.10680946824470744
SG_016272,0.8696866144357392
SG_016273,0.925029171528588
SG_016275,0.8656026004334055
SG_016278,0.43528088014669114
SG_016282,0.587389564927488
SG_016285,0.16327721286881147
SG_016289,0.8546424404067344
SG_016292,0.2695865977662944
SG_016297,0.14656609434905818
SG_016299,0.5898899816636105
SG_016310,0.6218536422737122
SG_016315,0.3959826637772962
SG_016316,0.6684447407901317
SG_016318,0.1986997832972162
SG_016324,0.26116852808801466
SG_016326,0.5227121186864477
SG_016327,0.8775212535422571
SG_016330,0.0007084514085680947
SG_016331,0.841723620603434
SG_016332,0.025337556259376563
SG_016333,0.8329721620270044
SG_016334,0.3292215369228205
SG_016337,0.14760793465577596
SG_016341,0.6336889481580263
SG_016343,0.27708784797466246
SG_016345,0.8185530921820303
SG_016346,0.14273212202033672
SG_016349,0.6088098016336057
SG_016351,0.3293465577596266
SG_016352,0.0174612435405901
SG_016354,0.2691281880313386
SG_016363,0.5305884314052343
SG_016372,0.6128521420236707
SG_016375,0.4242790465077513
SG_016382,0.3064677446241041
SG_016384,0.6117686281046841
SG_016386,0.06963660610101684
SG_016389,0.24229038173028838
SG_016392,0.6237289548258043
SG_016393,0.49395732622103683
SG_016394,0.713743957326221
SG_016401,0.6904067344557426
SG_016402,0.3766044340723454
SG_016405,0.9035672612102017
SG_016414,0.49858309718286387
SG_016421,0.1477746291048508
SG_016424,0.3921486914485748
SG_016425,0.27767127854642437
SG_016429,0.21703617269544925
SG_016431,0.5057092848808135
SG_016432,0.7122853808968161
SG_016435,0.7337056176029338
SG_016436,0.8990248374729122
SG_016443,0.12689614935822635
SG_016445,0.540881813635606
SG_016450,0.873062177029505
SG_016452,0.4257376229371561
SG_016456,0.8458909818303051
SG_016462,0.048174695782630436
SG_016463,0.3616019336556093
SG_016474,0.6362727121186864
SG_016482,0.2980080013335556
SG_016488,0.5050841806967827
SG_016502,0.2759209868311385
SG_016503,0.9356559426571095
SG_016507,0.824095682613769
SG_016508,0.35580930155025836
SG_016511,0.26896149358226373
SG_016512,0.7815469244874145
SG_016517,0.5872645440906817
SG_016518,0.9829138189698283
SG_016520,0.45911818636439405
SG_016522,0.8825220870145024
SG_016524,0.4139439906651109
SG_016526,0.8378063010501751
SG_016528,0.5360060010001667
SG_016529,0.6998666444407401
SG_016532,0.8937322887147858
SG_016535,0.16569428238039674
SG_016537,0.24733288881480248
SG_016539,0.19386564427404568
SG_016542,0.22449574929154859
SG_016545,0.1659026504417403
SG_016547,0.3857309551591932
SG_016548,0.19782463743957324
SG_016554,0.4296132688781464
SG_016562,0.7800883480580096
SG_016563,0.5365894315719286
SG_016566,0.3355975995999333
SG_016567,0.37768794799133193
SG_016580,0.4128188031338556
SG_016581,0.434864144024004
SG_016585,0.9306551091848642
SG_016600,0.7261210201700283
SG_016603,0.6041840306717786
SG_016604,0.3561843640606768
SG_016606,0.9046507751291881
SG_016609,0.5079596599433239
SG_016612,0.7845057509584931
SG_016613,0.5209201533588931
SG_016614,0.41240206701116855
SG_016623,0.14648274712452075
SG_016625,0.9383647274545759
SG_016632,0.808343057176196
SG_016634,0.17169528254709115
SG_016637,0.5958909818303051
SG_016641,0.6114769128188031
SG_016646,0.2445824304050675
SG_016647,0.07709618269711618
SG_016660,0.16036006001000166
SG_016662,0.8143023837306218
SG_016670,0.9083597266211035
SG_016671,0.07688781463577263
SG_016673,0.27383730621770297
SG_016675,0.6911151858643106
SG_016685,0.5122103683947326
SG_016689,0.913777296216036
SG_016690,0.8463910651775297
SG_016691,0.038589764960826806
SG_016692,0.551550258376396
SG_016696,0.8258459743290548
SG_016698,0.2830471745290882
SG_016699,0.22941323553925655
SG_016703,0.12364560760126687
SG_016704,0.8764794132355392
SG_016705,0.8663527254542424
SG_016708,0.7207034505750958
SG_016710,0.21103517252875476
SG_016711,0.8319719953325553
SG_016714,0.6276462743790632
SG_016716,0.08276379396566094
SG_016719,0.5675529254875813
SG_016720,0.2865060843473912
SG_016721,0.07942990498416402
SG_016723,0.09518253042173695
SG_016732,0.8307217869644941
SG_016733,0.828429738289715
SG_016736,0.007376229371561927
SG_016737,0.07992998833138856
SG_016738,0.6355642607101184
SG_016741,0.9091515252542091
SG_016745,0.7887981330221704
SG_016746,0.3489748291381897
SG_016752,0.3184280713452242
SG_016754,0.29475745957659605
SG_016758,0.610768461410235
SG_016763,0.5225037506251041
SG_016765,0.5673862310385065
SG_016769,0.24549924987497915
SG_016776,0.751000166694449
SG_016778,0.8777712952158693
SG_016779,0.4415735955992665
SG_016780,0.9198199699949992
SG_016783,0.7850058343057177
SG_016785,0.24529088181363562
SG_016786,0.7740873478913153
SG_016792,0.4965827637939657
SG_016793,0.19057342890481746
SG_016794,0.9765377562927154
SG_016805,0.529171528588098
SG_016807,0.4637856309384898
SG_016810,0.42748791465244207
SG_016813,0.1830305050841807
SG_016818,0.7934655775962661
SG_016819,0.22720453408901486
SG_016823,0.8912735455909319
SG_016827,0.33763960660110015
SG_016828,0.4229038173028838
SG_016832,0.5978496416069345
SG_016834,0.9040673445574262
SG_016837,0.7548341390231705
SG_016840,0.07767961326887814
SG_016843,0.9059426571095183
SG_016847,0.4087764627437906
SG_016849,0.2795049174862477
SG_016851,0.5281713618936489
SG_016857,0.23987331221870312
SG_016858,0.9504084014002334
SG_016859,0.6515252542090348
SG_016861,0.8088431405234207
SG_016863,0.5890565094182364
SG_016874,0.9880396732788798
SG_016877,0.24670778463077178
SG_016881,0.953783963993999
SG_016885,0.5910985164194033
SG_016887,0.8770628438073013
SG_016888,0.5472578763127187
SG_016891,0.45203367227871316
SG_016893,0.060510085014169025
SG_016895,0.6568178029671612
SG_016900,0.5518003000500084
SG_016902,0.34143190531755296
SG_016904,0.5047507917986331
SG_016909,0.4253625604267378
SG_016911,0.8286797799633272
SG_016924,0.044007334555759295
SG_016925,0.5702200366727789
SG_016928,0.7152442073678946
SG_016937,0.27383730621770297
SG_016939,0.8081346891148525
SG_016941,0.6698616436072679
SG_016944,0.8861060176696116
SG_016946,0.3008834805800967
SG_016951,0.47603767294549093
SG_016961,0.9362393732288715
SG_016963,0.5428821470245041
SG_016967,0.3075512585430905
SG_016968,0.8943157192865478
SG_016971,0.42486247707951325
SG_016973,0.19074012335389232
SG_016974,0.4528671445240874
SG_016975,0.7202867144524088
SG_016976,0.6304800800133356
SG_016986,0.3676029338223037
SG_016989,0.8649774962493749
SG_016990,0.8438489748291381
SG_017003,0.7261626937822971
SG_017005,0.25712618769794965
SG_017006,0.04721620270045007
SG_017016,0.09080680113352224
SG_017018,0.5374229038173028
SG_017021,0.49229038173028833
SG_017026,0.22591265210868477
SG_017028,0.43003000500083344
SG_017040,0.6301050175029173
SG_017043,0.17444574095682613
SG_017044,0.7530005000833473
SG_017046,0.5413818969828305
SG_017048,0.26625270878479745
SG_017049,0.437322887147858
SG_017050,0.11731121853642275
SG_017055,0.7234955825970996
SG_017056,0.18565594265710952
SG_017062,0.38810635105850977
SG_017067,0.23412235372562093
SG_017070,0.3473078846474412
SG_017071,0.9203200533422238
SG_017076,0.5277962993832306
SG_017077,0.49824970828471415
SG_017079,0.04846641106851142
SG_017080,0.1462743790631772
SG_017085,0.8834805800966828
SG_017098,0.4689948324720786
SG_017103,0.6110185030838473
SG_017110,0.48820636772795467
SG_017111,0.8469744957492915
SG_017114,0.06538589764960827
SG_017116,0.8452242040340057
SG_017123,0.20403400566761126
SG_017124,0.7295799299883314
SG_017126,0.21995332555425903
SG_017127,0.19532422070345057
SG_017130,0.7823387231205201
SG_017139,0.8155942657109518
SG_017144,0.4217786297716286
SG_017145,0.502750458409735
SG_017146,0.4628271378563094
SG_017154,0.32851308551425235
SG_017158,0.6238539756626105
SG_017170,0.5127521253542257
SG_017171,0.8300550091681947
SG_017172,0.02987997999666611
SG_017182,0.013918986497749626
SG_017187,0.06805300883480579
SG_017190,0.7715452575429239
SG_017192,0.4803717286214369
SG_017193,0.31913652275379234
SG_017195,0.6122687114519086
SG_017202,0.8453492248708118
SG_017206,0.4669944990831805
SG_017208,0.3678946491081847
SG_017213,0.6621103517252875
SG_017218,0.03246374395732622
SG_017220,0.5277962993832305
SG_017223,0.08093015502583764
SG_017224,0.607309551591932
SG_017225,0.48453908984830807
SG_017227,0.40944324054009
SG_017228,0.836222703783964
SG_017230,0.3712702117019503
SG_017232,0.712577096182697
SG_017235,0.5457576262710452
SG_017239,0.7532505417569595
SG_017241,0.8179696616102683
SG_017245,0.2049924987497916
SG_017250,0.9327387897982997
SG_017254,0.35060010001666947
SG_017255,0.5285047507917986
SG_017266,0.1681530255042507
SG_017269,0.5649691615269211
SG_017272,0.4574095682613769
SG_017276,0.5991415235872646
SG_017279,0.1586931155192532
SG_017281,0.03213035505917653
SG_017287,0.6642357059509918
SG_017288,0.5718453075512585
SG_017292,0.5436322720453409
SG_017294,0.7777962993832305
SG_017296,0.14223203867311218
SG_017303,0.5160443407234538
SG_017304,0.7042423737289548
SG_017309,0.8177612935489248
SG_017311,0.5722620436739456
SG_017316,0.008418069678279714
SG_017317,0.6719869978329721
SG_017318,0.7670861810301717
SG_017323,0.738456409401567
SG_017328,0.7205367561260211
SG_017338,0.37789631605267543
SG_017339,0.602683780630105
SG_017347,0.46857809634939157
SG_017348,0.27271211868644774
SG_017349,0.21282713785630936
SG_017350,0.2652525420903484
SG_017354,0.26729454909151523
SG_017358,0.8326804467411236
SG_017360,0.058176362727121185
SG_017361,0.5620520086681113
SG_017364,0.8110518419736622
SG_017368,0.4321970328388065
SG_017373,0.30821803633938993
SG_017376,0.716077679613269
SG_017383,0.5630521753625605
SG_017385,0.30967661276879477
SG_017391,0.46245207534589095
SG_017399,0.8934822470411735
SG_017402,0.010751791965327554
SG_017405,0.16836139356559426
SG_017406,0.3783547257876313
SG_017416,0.5700116686114353
SG_017419,0.8434739123187197
SG_017421,0.23120520086681112
SG_017423,0.7864644107351225
SG_017425,0.6927404567427905
SG_017428,0.49566594432405403
SG_017431,0.7711701950325054
SG_017432,0.7252458743123855
SG_017438,0.9732455409234873
SG_017439,0.030838473078846476
SG_017445,0.17757126187697952
SG_017448,0.09289048174695783
SG_017452,0.6993665610935156
SG_017454,0.6453158859809969
SG_017457,0.548966494415736
SG_017458,0.87289548258043
SG_017464,0.5934739123187197
SG_017465,0.09876646107684614
SG_017466,0.9714119019836639
SG_017467,0.8916069344890815
SG_017475,0.18148858143023838
SG_017479,0.5535089181530255
SG_017480,0.004375729288214703
SG_017481,0.7222453742290381
SG_017482,0.40985997666277707
SG_017484,0.43907317886314384
SG_017486,0.5575929321553593
SG_017501,0.20461743623937323
SG_017504,0.35843473912318724
SG_017507,0.6003500583430571
SG_017509,0.1265627604600767
SG_017513,0.5464660776796133
SG_017514,0.7657109518253042
SG_017516,0.07909651608601433
SG_017518,0.3876479413235539
SG_017521,0.8139273212202034
SG_017526,0.3643107184530755
SG_017529,0.3613935655942657
SG_017532,0.3465160860143357
SG_017535,0.21011835305884313
SG_017537,0.3773962327054509
SG_017538,0.46645274212368726
SG_017542,0.34905817636272707
SG_017545,0.9117352892148691
SG_017549,0.687447907984664
SG_017557,0.2947574595765961
SG_017559,0.8026337722953826
SG_017560,0.2083680613435573
SG_017562,0.5677612935489248
SG_017563,0.8196782797132856
SG_017565,0.15056676112685446
SG_017572,0.21882813802300385
SG_017575,0.9874979163193867
SG_017577,0.633730621770295
SG_017578,0.11472745457576262
SG_017579,0.7441240206701117
SG_017580,0.20990998499749958
SG_017581,0.8790631771961993
SG_017589,0.6383563927321221
SG_017590,0.1328138023003834
SG_017594,0.6388981496916153
SG_017597,0.4457826304384064
SG_017604,0.6197699616602768
SG_017605,0.5808468078013003
SG_017606,0.7716286047674612
SG_017607,0.5251708618103017
SG_017611,0.8166777796299384
SG_017615,0.18036339389898315
SG_017616,0.08484747457909653
SG_017617,0.5934739123187197
SG_017621,0.46278546424404066
SG_017622,0.37022837139523257
SG_017629,0.5115852642107018
SG_017630,0.05371728621436907
SG_017634,0.42248708118019673
SG_017639,0.4287797966327721
SG_017642,0.4415735955992665
SG_017646,0.9299883313885648
SG_017657,0.819469911651942
SG_017658,0.5905567594599099
SG_017667,0.15302550425070843
SG_017673,0.6901983663943991
SG_017674,0.3643107184530755
SG_017677,0.22420403400566763
SG_017679,0.10772628771461909
SG_017683,0.4504084014002334
SG_017687,0.12327054509084848
SG_017689,0.9379896649441575
SG_017691,0.36660276712785467
SG_017693,0.6885314219036507
SG_017696,0.22937156192698782
SG_017697,0.26541923653942323
SG_017702,0.17127854642440407
SG_017703,0.8743957326221036
SG_017709,0.04604934155692615
SG_017714,0.3503083847307885
SG_017715,0.7998416402733788
SG_017718,0.7384564094015669
SG_017719,0.2819636606101017
SG_017728,0.7139523253875646
SG_017729,0.37031171861976997
SG_017739,0.41344390731788633
SG_017743,0.09801633605600935
SG_017745,0.13048008001333555
SG_017746,0.2059093182197033
SG_017749,0.8532672112018669
SG_017750,0.7182863810635106
SG_017754,0.1789881646941157
SG_017757,0.8214285714285714
SG_017760,0.9816219369894983
SG_017774,0.9331138523087181
SG_017775,0.004167361226871145
SG_017776,0.2289548258043007
SG_017777,0.716327721286881
SG_017778,0.41240206701116855
SG_017781,0.7872978829804967
SG_017782,0.8641856976162694
SG_017789,0.2624604100683447
SG_017795,0.7199533255542591
SG_017798,0.7667944657442908
SG_017811,0.48462243707284547
SG_017817,0.6401066844474079
SG_017819,0.7104934155692615
SG_017822,0.9629938323053842
SG_017827,0.22762127021170195
SG_017830,0.9433655609268212
SG_017832,0.46832805467577926
SG_017834,0.9119436572762127
SG_017838,0.782505417569595
SG_017840,0.9098599766627771
SG_017847,0.5605517586264378
SG_017851,0.6571511918653109
SG_017855,0.9375729288214703
SG_017862,0.023878979829971662
SG_017865,0.28504750791798633
SG_017866,0.2820053342223704
SG_017867,0.7457492915485914
SG_017878,0.516752792132022
SG_017879,0.3587681280213369
SG_017880,0.28450575095849306
SG_017881,0.15456742790465078
SG_017882,0.7250791798633105
SG_017886,0.24137356226037673
SG_017888,0.3842723787297883
SG_017889,0.5525920986831138
SG_017895,0.6046424404067344
SG_017900,0.5585514252375395
SG_017902,0.6106434405734289
SG_017907,0.9431155192532088
SG_017909,0.6068928154692449
SG_017910,0.41719453242207033
SG_017913,0.880146691115186
SG_017914,0.7883813968994833
SG_017917,0.828721453575596
SG_017918,0.9160276712785465
SG_017919,0.18786464410735124
SG_017920,0.693240540090015
SG_017936,0.20628438073012167
SG_017938,0.5387564594099016
SG_017945,0.8760626771128522
SG_017947,0.4323220536756126
SG_017949,0.3143440573428905
SG_017956,0.7925904317386231
SG_017958,0.8545174195699283
SG_017960,0.5280880146691116
SG_017965,0.03267211201866978
SG_017971,0.8889814969161527
SG_017973,0.9055259209868312
SG_017978,0.8721036839473245
SG_017981,0.24074845807634607
SG_017985,0.9687864644107351
SG_017987,0.8919403233872312
SG_017991,0.6123937322887147
SG_017992,0.7196616102683782
SG_018002,0.4482413735622604
SG_018003,0.8163860643440572
SG_018005,0.08601433572262043
SG_018014,0.30238373062177026
SG_018015,0.6012668778129688
SG_018016,0.5627187864644108
SG_018017,0.6917819636606101
SG_018024,0.06588598099683281
SG_018028,0.7580430071678613
SG_018032,0.3985664277379563
SG_018033,0.6319386564427404
SG_018037,0.6090598433072179
SG_018040,0.45449241540256713
SG_018042,0.16677779629938322
SG_018046,0.19649108184697447
SG_018050,0.9348224704117353
SG_018055,0.9084014002333722
SG_018056,0.8493915652608768
SG_018061,0.28908984830805134
SG_018063,0.7451658609768295
SG_018064,0.5426737789631605
SG_018067,0.42294549091515254
SG_018072,0.6676946157692949
SG_018073,0.6943657276212701
SG_018074,0.9379479913318888
SG_018076,0.918403067177863
SG_018080,0.15810968494749125
SG_018084,0.7254542423737289
SG_018088,0.7744624104017337
SG_018090,0.5748458076346058
SG_018092,0.6041006834472412
SG_018094,0.7593765627604601
SG_018096,0.21886981163527255
SG_018100,0.691948658109685
SG_018109,0.7707534589098183
SG_018111,0.09472412068678113
SG_018120,0.6303550591765293
SG_018124,0.9509084847474579
SG_018125,0.5169194865810969
SG_018130,0.719828304717453
SG_018132,0.5467577929654942
SG_018134,0.33972328721453576
SG_018140,0.36318553092182027
SG_018144,0.19519919986664444
SG_018146,0.8993165527587932
SG_018150,0.6352308718119687
SG_018154,0.9563677279546592
SG_018155,0.3924404067344558
SG_018160,0.0055842640440073345
SG_018165,0.4187364560760126
SG_018166,0.24683280546757794
SG_018170,0.33243040506751126
SG_018174,0.53783963993999
SG_018175,0.0985997666277713
SG_018178,0.7377479579929989
SG_018181,0.7429154859143191
SG_018186,0.7718369728288048
SG_018188,0.29538256376062677
SG_018195,0.14577429571595266
SG_018198,0.792757126187698
SG_018201,0.008168028004667444
SG_018206,0.8165944324054009
SG_018208,0.24691615269211534
SG_018214,0.9844974162360394
SG_018215,0.9621186864477412
SG_018216,0.5835139189864977
SG_018221,0.867852975495916
SG_018224,0.0970995165860977
SG_018228,0.47912152025337557
SG_018229,0.014502417069511588
SG_018238,0.1426487747957993
SG_018241,0.2669194865810969
SG_018246,0.5587181196866143
SG_018247,0.21511918653108852
SG_018252,0.8735205867644608
SG_018253,0.24279046507751292
SG_018259,0.9200283380563428
SG_018261,0.12610435072512086
SG_018263,0.8500166694449075
SG_018266,0.28179696616102684
SG_018269,0.776421070178363
SG_018270,0.3106767794632439
SG_018276,0.3456409401566928
SG_018278,0.48283047174529087
SG_018281,0.1866977829638273
SG_018282,0.4021503583930655
SG_018284,0.6537756292715453
SG_018286,0.1528171361893649
SG_018287,0.7982997166194366
SG_018294,0.14273212202033672
SG_018297,0.5652192032005334
SG_018303,0.8315969328221371
SG_018305,0.7508334722453742
SG_018307,0.18761460243373895
SG_018312,0.5245874312385398
SG_018316,0.5541340223370561
SG_018321,0.2784214035672612
SG_018322,0.19490748458076346
SG_018325,0.0997249541590265
SG_018327,0.1666111018503084
SG_018330,0.30525920986831134
SG_018334,0.7527921320220037
SG_018336,0.3633938989831639
SG_018338,0.9091931988664778
SG_018341,0.3468911485247541
SG_018342,0.6684447407901316
SG_018347,0.3668528088014669
SG_018348,0.2863393898983164
SG_018351,0.7528754792465411
SG_018360,0.93111351891982
SG_018361,0.3994415735955993
SG_018364,0.8137606267711286
SG_018366,0.9634105684280714
SG_018368,0.9509501583597266
SG_018372,0.5342973828971496
SG_018379,0.2431655275879313
SG_018381,0.31459409901650276
SG_018386,0.19257376229371562
SG_018387,0.9352808801466911
SG_018388,0.6288548091348558
SG_018394,0.9864977496249375
SG_018407,0.5232122020336722
SG_018410,0.19269878313052174
SG_018411,0.1943657276212702
SG_018417,0.5385480913485581
SG_018418,0.4315719286547758
SG_018420,0.3816052675445908
SG_018422,0.8140106684447408
SG_018424,0.7336222703783964
SG_018426,0.1521920320053342
SG_018427,0.3937322887147858
SG_018430,0.2433738956492749
SG_018433,0.5280046674445741
SG_018434,0.7005334222370395
SG_018436,0.9082347057842974
SG_018441,0.4525754292382063
SG_018442,0.3193032172028672
SG_018445,0.7687531255209201
SG_018448,0.4674112352058677
SG_018452,0.011793632272045341
SG_018455,0.5117519586597766
SG_018458,0.35205867644607436
SG_018462,0.7606267711285215
SG_018468,0.557759626604434
SG_018469,0.5556759459909985
SG_018470,0.7767127854642442
SG_018471,0.4869144857476246
SG_018472,0.6154359059843307
SG_018474,0.04196532755459243
SG_018476,0.6779879979996666
SG_018481,0.8078013002167027
SG_018485,0.5272545424237374
SG_018487,0.6779463243873979
SG_018490,0.20115852642107016
SG_018491,0.35172528754792465
SG_018493,0.37831305217536254
SG_018494,0.38089681613602266
SG_018497,0.5355059176529422
SG_018501,0.2554175695949325
SG_018503,0.24779129854975832
SG_018505,0.0742623770628438
SG_018506,0.617561260210035
SG_018510,0.7767544590765127
SG_018511,0.31013502250375063
SG_018514,0.40381730288381396
SG_018519,0.558926487747958
SG_018520,0.05825970995165861
SG_018524,0.438198033005501
SG_018525,0.012668778129688283
SG_018526,0.25850141690281714
SG_018529,0.5839306551091848
SG_018531,0.5073345557592932
SG_018534,0.1987414569094849
SG_018536,0.4718286381063511
SG_018537,0.6256042673778963
SG_018543,0.8001333555592599
SG_018544,0.29504917486247706
SG_018547,0.273253875645941
SG_018548,0.27717119519919986
SG_018549,0.7692115352558759
SG_018553,0.3075512585430905
SG_018555,0.6953658943157193
SG_018558,0.4440323387231205
SG_018566,0.11918653108851475
SG_018568,0.6762793798966494
SG_018569,0.019628271378563093
SG_018573,0.6628188031338557
SG_018576,0.5810968494749126
SG_018579,0.03442240373395566
SG_018587,0.7013668944824137
SG_018591,0.2567511251875313
SG_018594,0.48024670778463074
SG_018601,0.780630105017503
SG_018603,0.803425570928488
SG_018608,0.3886897816302717
SG_018611,0.7367894649108185
SG_018612,0.7352058676446074
SG_018615,0.14048174695782628
SG_018617,0.4242790465077513
SG_018621,0.6363560593432238
SG_018623,0.8255959326554426
SG_018624,0.7744624104017337
SG_018631,0.5679279879979997
SG_018636,0.18348891481913654
SG_018637,0.2669611601933656
SG_018639,0.9052758793132188
SG_018644,0.2632522087014503
SG_018645,0.8783130521753626
SG_018647,0.8388481413568928
SG_018650,0.7387897982997166
SG_018651,0.023045507584597433
SG_018662,0.7959243207201201
SG_018663,0.530171695282547
SG_018664,0.8007584597432905
SG_018665,0.7432072012002
SG_018670,0.8796049341556926
SG_018676,0.8258876479413235
SG_018677,0.08630605100850142
SG_018678,0.7850891815302551
SG_018680,0.3671028504750792
SG_018685,0.619311551925321
SG_018686,0.9071095182530422
SG_018687,0.7654609101516919
SG_018688,0.18815635939323222
SG_018689,0.11460243373895651
SG_018693,0.22020336722787132
SG_018694,0.22953825637606268
SG_018697,0.41531921986997833
SG_018703,0.4396149358226371
SG_018705,0.7955909318219703
SG_018709,0.0371311885314219
SG_018710,0.9611601933655609
SG_018711,0.802008668111352
SG_018717,0.16861143523920655
SG_018721,0.7657109518253042
SG_018722,0.523253875645941
SG_018731,0.6261043507251208
SG_018733,0.45770128354725786
SG_018738,0.559218203033839
SG_018744,0.6334389064844141
SG_018745,0.5014169028171361
SG_018748,0.42382063677279547
SG_018756,0.7688364727454576
SG_018758,0.5906401066844474
SG_018761,0.13677279546591098
SG_018765,0.5236706117686282
SG_018766,0.9157359559926654
SG_018767,0.3903150525087515
SG_018768,0.5865977662943824
SG_018770,0.16456909484914153
SG_018779,0.2980080013335556
SG_018787,0.4781213535589265
SG_018788,0.6814052342057009
SG_018789,0.7734205700950159
SG_018791,0.7214119019836639
SG_018792,0.4390315052508751
SG_018793,0.056176029338223035
SG_018798,0.8712285380896816
SG_018799,0.6571928654775796
SG_018800,0.3147191198533089
SG_018803,0.3093432238706451
SG_018806,0.9040673445574262
SG_018809,0.09747457909651609
SG_018811,0.5958493082180363
SG_018817,0.06801133522253709
SG_018818,0.3446824470745124
SG_018821,0.1444824137356226
SG_018822,0.3571845307551259
SG_018823,0.30600933488914817
SG_018826,0.8085930988498082
SG_018831,0.3579763293882314
SG_018834,0.4551591931988665
SG_018837,0.7359143190531754
SG_018838,0.9585764294049007
SG_018842,0.8403067177862977
SG_018843,0.807342890481747
SG_018847,0.8236372728788132
SG_018850,0.25295882647107854
SG_018852,0.6171445240873479
SG_018853,0.25241706951158527
SG_018859,0.8451408568094683
SG_018861,0.5634689114852475
SG_018875,0.4359059843307218
SG_018883,0.5247957992998834
SG_018885,0.2027004500750125
SG_018889,0.36776962827137855
SG_018890,0.7930905150858476
SG_018894,0.534089014835806
SG_018895,0.9777879646607768
SG_018899,0.3316386064344057
SG_018901,0.9349474912485414
SG_018902,0.5733038839806635
SG_018904,0.7966744457409568
SG_018905,0.6768211368561428
SG_018906,0.8752708784797466
SG_018907,0.6789048174695783
SG_018908,0.24666611101850305
SG_018915,0.7345390898483081
SG_018918,0.04863310551758626
SG_018920,0.8605600933488915
SG_018924,0.6774045674279047
SG_018928,0.84476579429905
SG_018940,0.3804384064010668
SG_018941,0.3244707451241874
SG_018942,0.3828971495249208
SG_018965,0.6948658109684948
SG_018966,0.33247207867977996
SG_018968,0.300258376396066
SG_018970,0.8878979829971663
SG_018972,0.34464077346224375
SG_018978,0.46916152692115354
SG_018981,0.25170861810301715
SG_018984,0.08968161360226704
SG_018990,0.705242540423404
SG_019006,0.7369561593598933
SG_019012,0.5394649108184697
SG_019014,0.707242873812302
SG_019015,0.9497416236039339
SG_019016,0.7695865977662943
SG_019018,0.7499583263877313
SG_019019,0.16369394899149858
SG_019023,0.9121103517252875
SG_019028,0.8276379396566095
SG_019030,0.46232705450908484
SG_019036,0.558051341890315
SG_019038,0.2114102350391732
SG_019039,0.8709368228038006
SG_019041,0.4042548758126354
SG_019042,0.3130938489748291
SG_019044,0.9543257209534922
SG_019051,0.17157026171028505
SG_019053,0.6560260043340557
SG_019054,0.3158443073845641
SG_019058,0.9697449574929154
SG_019069,0.2742123687281213
SG_019071,0.06001000166694449
SG_019082,0.5396732788798133
SG_019083,0.41361060176696113
SG_019084,0.5652192032005334
SG_019087,0.3558509751625271
SG_019092,0.12002000333388897
SG_019098,0.6439406567761293
SG_019102,0.9651191865310885
SG_019105,0.7268711451908652
SG_019106,0.6443990665110853
SG_019109,0.203783963993999
SG_019115,0.7586264377396233
SG_019117,0.7730871811968661
SG_019119,0.24149858309718286
SG_019120,0.568303050508418
SG_019131,0.3958576429404901
SG_019142,0.8628938156359394
SG_019146,0.399191531921987
SG_019147,0.6704867477912986
SG_019149,0.07501250208368061
SG_019150,0.39310718453075516
SG_019162,0.4235705950991832
SG_019167,0.4780796799466578
SG_019169,0.4101933655609268
SG_019171,0.011460243373895647
SG_019176,0.8839806634439074
SG_019184,0.4269044840806801
SG_019187,0.48074679113185526
SG_019190,0.16261043507251208
SG_019197,0.630271711951992
SG_019198,0.18690615102517086
SG_019201,0.15090015002500418
SG_019203,0.8257626271045175
SG_019204,0.4257376229371562
SG_019208,0.4653692282047008
SG_019209,0.39894149024837466
SG_019211,0.14181530255042507
SG_019212,0.6019336556092683
SG_019217,0.5780546757792966
SG_019221,0.41398566427737954
SG_019222,0.8397649608268044
SG_019223,0.20340890148358062
SG_019225,0.6538173028838139
SG_019237,0.9034005667611269
SG_019244,0.64327387897983
SG_019245,0.7414985830971829
SG_019246,0.2339556592765461
SG_019247,0.5211701950325054
SG_019248,0.31084347391231876
SG_019249,0.33338889814969164
SG_019251,0.2873812302050342
SG_019253,0.3074262377062844
SG_019254,0.04438239706617769
SG_019255,0.6736956159359894
SG_019259,0.044507417902983834
SG_019265,0.3104684114019003
SG_019266,0.42852975495915985
SG_019267,0.9480330055009168
SG_019270,0.2668361393565594
SG_019271,0.25504250708451404
SG_019272,0.564552425404234
SG_019273,0.3726454409068178
SG_019274,0.03217202867144524
SG_019275,0.6401066844474079
SG_019276,0.2508334722453742
SG_019282,0.4214035672612102
SG_019286,0.6478996499416569
SG_019289,0.6500250041673612
SG_019295,0.9151108518086348
SG_019296,0.8425987664610769
SG_019298,0.019711618603100518
SG_019300,0.3871895315885981
SG_019302,0.8269711618603101
SG_019311,0.3890648441406901
SG_019314,0.43728121353558924
SG_019315,0.3266794465744291
SG_019316,0.7630438406401068
SG_019321,0.13048008001333555
SG_019325,0.8751458576429405
SG_019326,0.739456576096016
SG_019328,0.09155692615435906
SG_019330,0.3967744624104017
SG_019333,0.3434322387064511
SG_019336,0.46920320053342224
SG_019339,0.5377146191031839
SG_019346,0.5050841806967827
SG_019352,0.7352475412568762
SG_019358,0.8502667111185197
SG_019362,0.9458243040506751
SG_019368,0.2670028338056343
SG_019371,0.4437822970495083
SG_019373,0.9349058176362726
SG_019374,0.6665694282380397
SG_019375,0.6277712952158693
SG_019376,0.9493665610935156
SG_019386,0.4887064510751792
SG_019388,0.37622937156192704
SG_019394,0.8572678779796632
SG_019398,0.33559759959993335
SG_019408,0.40323387231205204
SG_019411,0.23824804134022337
SG_019419,0.8973995665944324
SG_019421,0.8170945157526254
SG_019425,0.3793548924820804
SG_019427,0.39764960826804474
SG_019428,0.8502667111185197
SG_019431,0.3486831138523087
SG_019432,0.3792298716452742
SG_019433,0.5561343557259544
SG_019436,0.5573012168694782
SG_019437,0.9092765460910153
SG_019440,0.05480080013335556
SG_019442,0.7617519586597765
SG_019446,0.38448074679113187
SG_019447,0.15310885147524586
SG_019449,0.291881980330055
SG_019452,0.03408901483580597
SG_019455,0.6611101850308385
SG_019456,0.5075429238206368
SG_019458,0.7785047507917987
SG_019466,0.3656442740456743
SG_019468,0.9507001166861143
SG_019470,0.5079596599433239
SG_019471,0.6355225870978496
SG_019473,0.08451408568094682
SG_019478,0.6029338223037173
SG_019485,0.9550341723620603
SG_019488,0.7173695615935989
SG_019489,0.5556759459909986
SG_019491,0.6275212535422571
SG_019496,0.6489831638606435
SG_019498,0.503750625104184
SG_019510,0.8230121686947824
SG_019516,0.16619436572762128
SG_019519,0.07513752292048675
SG_019523,0.5565094182363728
SG_019527,0.20978496416069345
SG_019530,0.6241873645607601
SG_019532,0.4314052342057009
SG_019534,0.34580763460576763
SG_019540,0.7279546591098516
SG_019541,0.4337389564927488
SG_019543,0.6221453575595932
SG_019553,0.1550675112518753
SG_019558,0.38456409401566927
SG_019562,0.44849141523587266
SG_019563,0.6591098516419402
SG_019564,0.4984997499583264
SG_019567,0.33001333555592605
SG_019570,0.8794382397066178
SG_019577,0.28492248708118023
SG_019583,0.9823720620103351
SG_019585,0.7192448741456909
SG_019587,0.8426404400733455
SG_019588,0.03354725787631272
SG_019591,0.22362060343390566
SG_019593,0.1877396232705451
SG_019598,0.17215369228204702
SG_019599,0.497249541590265
SG_019602,0.9635772628771462
SG_019609,0.7389148191365227
SG_019620,0.5593848974829139
SG_019621,0.3614352392065344
SG_019624,0.8610185030838473
SG_019625,0.8577679613268878
SG_019627,0.015544257376229371
SG_019635,0.07405400900150025
SG_019638,0.07909651608601434
SG_019639,0.035672612102017005
SG_019642,0.9650775129188198
SG_019645,0.4068178029671612
SG_019647,0.8483497249541591
SG_019648,0.18890648441406901
SG_019650,0.11693615602600432
SG_019652,0.31463577262877146
SG_019654,0.7210368394732456
SG_019657,0.8965660943490581
SG_019660,0.2325387564594099
SG_019661,0.17707117852975496
SG_019662,0.6345640940156693
SG_019665,0.4859559926654442
SG_019666,0.7612935489248208
SG_019667,0.6969494915819304
SG_019676,0.6398566427737956
SG_019679,0.9744957492915485
SG_019680,0.8607267877979663
SG_019683,0.6991165194199033
SG_019689,0.31567761293548924
SG_019690,0.5942657109518252
SG_019691,0.7301216869478246
SG_019695,0.1819469911651942
SG_019698,0.4202367061176863
SG_019710,0.47049508251375227
SG_019711,0.7304134022337057
SG_019716,0.17077846307717953
SG_019724,0.4249874979163194
SG_019727,0.9128604767461244
SG_019728,0.4104850808468078
SG_019729,0.26358559759959993
SG_019733,0.9624937489581598
SG_019738,0.5253792298716453
SG_019740,0.2544174029004834
SG_019746,0.43440573428904816
SG_019747,0.7068261376896149
SG_019750,0.5235039173195533
SG_019755,0.9001083513918986
SG_019756,0.43986497749624937
SG_019761,0.1888231371895316
SG_019764,0.2712118686447741
SG_019766,0.45353392232038675
SG_019767,0.3813135522587098
SG_019769,0.425904317386231
SG_019779,0.04979996666111019
SG_019782,0.2871311885314219
SG_019783,0.60672612102017
SG_019784,0.21016002667111183
SG_019791,0.3326804467411235
SG_019792,0.08447241206867812
SG_019793,0.8655192532088681
SG_019797,0.2129938323053842
SG_019800,0.9001083513918986
SG_019801,0.4612018669778296
SG_019802,0.20420070011668612
SG_019804,0.1393148858143024
SG_019807,0.7999249874979163
SG_019809,0.19307384564094016
SG_019811,0.6050591765294215
SG_019812,0.49179029838306376
SG_019819,0.2336222703783964
SG_019828,0.42007001166861146
SG_019830,0.3135939323220537
SG_019832,0.2113685614269045
SG_019835,0.12239539923320553
SG_019838,0.2273712285380897
SG_019839,0.15940156692782131
SG_019842,0.743498916486081
SG_019846,0.7898399733288881
SG_019849,0.026879479913318887
SG_019851,0.9086514419069844
SG_019852,0.28504750791798633
SG_019853,0.6209368228038006
SG_019854,0.6724870811801967
SG_019857,0.7675445907651275
SG_019858,0.8780630105017502
SG_019859,0.8130521753625605
SG_019864,0.7292048674779129
SG_019865,0.4528671445240874
SG_019868,0.49616602767127854
SG_019869,0.846766127687948
SG_019873,0.19615769294882482
SG_019878,0.5467161193532255
SG_019883,0.7768378063010501
SG_019887,0.34414069011501913
SG_019888,0.1310218369728288
SG_019895,0.596766127687948
SG_019900,0.16390231705284214
SG_019903,0.24974995832638774
SG_019906,0.7783797299549924
SG_019909,0.3187197866311052
SG_019910,0.10364227371228538
SG_019913,0.5659276546091015
SG_019914,0.5031671945324221
SG_019921,0.5832638773128854
SG_019923,0.5626354392398734
SG_019928,0.8893565594265711
SG_019930,0.8708951491915319
SG_019933,0.5404234039006501
SG_019939,0.3090098349724954
SG_019941,0.798966494415736
SG_019944,0.4319053175529255
SG_019945,0.4001083513918986
SG_019947,0.13598099683280548
SG_019949,0.8424737456242707
SG_019950,0.589681613602267
SG_019954,0.4936656109351558
SG_019955,0.7920486747791299
SG_019960,0.18278046341056844
SG_019961,0.8390148358059677
SG_019966,0.8801466911151858
SG_019968,0.5780546757792966
SG_019970,0.3315135855975996
SG_019973,0.06392732122020336
SG_019974,0.5742207034505751
SG_019976,0.37960493415569263
SG_019978,0.4532422070345058
SG_019980,0.03146357726287714
SG_019981,0.21382730455075843
SG_019983,0.741040173362227
SG_019984,0.637647941323554
SG_019985,0.47966327721286883
SG_019989,0.2296632772128688
SG_019994,0.5666361060176696
SG_019998,0.2788381396899483
SG_019999,0.7905900983497249
SG_020000,0.3185530921820303
