signal_id,ehtimollik
SG_000001,0.3534583333333333
SG_000007,0.3881
SG_000009,0.233925
SG_000010,0.35164166666666663
SG_000011,0.6592333333333333
SG_000018,0.7266083333333333
SG_000024,0.7493083333333334
SG_000026,0.3594833333333333
SG_000032,0.43256666666666665
SG_000033,0.9428416666666666
SG_000034,0.17166666666666666
SG_000036,0.5249666666666666
SG_000039,0.19840000000000002
SG_000048,0.240475
SG_000049,0.554075
SG_000050,0.9287999999999998
SG_000053,0.10851666666666665
SG_000054,0.6049333333333333
SG_000055,0.4721333333333333
SG_000058,0.5641583333333333
SG_000059,0.24354166666666666
SG_000061,0.4156583333333333
SG_000062,0.9099249999999999
SG_000072,0.14029166666666665
SG_000073,0.25939166666666663
SG_000075,0.4321833333333333
SG_000080,0.8753166666666665
SG_000081,0.4393583333333333
SG_000083,0.12969166666666665
SG_000086,0.15196666666666664
SG_000087,0.4866083333333333
SG_000092,0.825275
SG_000099,0.73915
SG_000100,0.40249999999999997
SG_000105,0.4222166666666667
SG_000106,0.6701666666666666
SG_000107,0.001425
SG_000118,0.5395583333333333
SG_000120,0.34830833333333333
SG_000125,0.6404666666666665
SG_000129,0.3107
SG_000137,0.3868499999999999
SG_000146,0.176625
SG_000147,0.8948166666666666
SG_000149,0.5891166666666667
SG_000153,0.8294499999999999
SG_000161,0.216675
SG_000163,0.48251666666666665
SG_000165,0.9668583333333333
SG_000173,0.088875
SG_000178,0.3424
SG_000179,0.09235
SG_000187,0.9826083333333333
SG_000192,0.22671666666666665
SG_000193,0.3255
SG_000195,0.5300666666666667
SG_000196,0.8822583333333334
SG_000201,0.13795833333333332
SG_000203,0.24863333333333332
SG_000205,0.8005333333333333
SG_000207,0.8412666666666666
SG_000211,0.5753666666666666
SG_000214,0.141925
SG_000217,0.0616
SG_000218,0.9916416666666665
SG_000219,0.8019916666666667
SG_000227,0.1856833333333333
SG_000229,0.0683
SG_000232,0.6949249999999999
SG_000240,0.028291666666666666
SG_000242,0.9689916666666665
SG_000244,0.29049166666666665
SG_000246,0.47181666666666666
SG_000250,0.2104
SG_000253,0.6496249999999999
SG_000262,0.36461666666666664
SG_000269,0.7675583333333333
SG_000270,0.303075
SG_000271,0.9721500000000001
SG_000284,0.9576999999999999
SG_000286,0.5865750000000001
SG_000287,0.375425
SG_000290,0.9098999999999999
SG_000291,0.7077833333333333
SG_000301,0.520675
SG_000302,0.9575083333333333
SG_000304,0.20296666666666666
SG_000306,0.782975
SG_000309,0.3009583333333333
SG_000314,0.3218833333333333
SG_000319,0.9063666666666667
SG_000320,0.12360833333333332
SG_000321,0.4212666666666667
SG_000325,0.9021833333333333
SG_000328,0.13049166666666667
SG_000329,0.02959166666666667
SG_000333,0.3383083333333333
SG_000334,0.4452166666666667
SG_000335,0.6822499999999999
SG_000339,0.14629166666666665
SG_000341,0.17279166666666668
SG_000345,0.8505583333333333
SG_000347,0.28878333333333334
SG_000349,0.5874083333333333
SG_000350,0.7318916666666666
SG_000351,0.02623333333333333
SG_000357,0.2535833333333333
SG_000360,0.76605
SG_000366,0.8263083333333333
SG_000368,0.5974999999999999
SG_000370,0.21688333333333332
SG_000378,0.42668333333333336
SG_000386,0.5201499999999999
SG_000394,0.49949166666666667
SG_000395,0.3618416666666667
SG_000397,0.8803583333333332
SG_000398,0.16635
SG_000401,0.43284999999999996
SG_000402,0.24396666666666667
SG_000414,0.89475
SG_000415,0.597475
SG_000419,0.8552083333333333
SG_000420,0.3945166666666666
SG_000422,0.9290583333333333
SG_000425,0.7700999999999999
SG_000430,0.016483333333333332
SG_000431,0.08368333333333333
SG_000435,0.020341666666666668
SG_000436,0.5663916666666666
SG_000440,0.9073
SG_000444,0.020625
SG_000450,0.41134999999999994
SG_000452,0.403425
SG_000454,0.8698083333333333
SG_000460,0.3746333333333333
SG_000462,0.19686666666666663
SG_000471,0.5613666666666667
SG_000474,0.8938416666666666
SG_000475,0.6609916666666666
SG_000476,0.7384583333333333
SG_000480,0.7082833333333333
SG_000482,0.8433166666666667
SG_000484,0.921225
SG_000487,0.3859
SG_000488,0.5804083333333333
SG_000494,0.7829833333333334
SG_000496,0.3504
SG_000497,0.06063333333333333
SG_000498,0.15566666666666668
SG_000501,0.9068249999999999
SG_000506,0.86565
SG_000511,0.4133666666666666
SG_000513,0.4248166666666666
SG_000524,0.0783
SG_000526,0.8636083333333333
SG_000527,0.22929166666666664
SG_000530,0.3920916666666666
SG_000535,0.4056416666666666
SG_000536,0.29704166666666665
SG_000551,0.7087916666666666
SG_000561,0.9641083333333332
SG_000563,0.9057
SG_000567,0.8439
SG_000572,0.8064
SG_000580,0.7072999999999999
SG_000583,0.3750333333333333
SG_000585,0.952525
SG_000588,0.34949166666666664
SG_000591,0.671025
SG_000593,0.25526666666666664
SG_000594,0.9287166666666666
SG_000598,0.180875
SG_000603,0.8638416666666666
SG_000610,0.19160833333333332
SG_000614,0.4701708333333333
SG_000615,0.357525
SG_000616,0.03284166666666666
SG_000617,0.0201
SG_000619,0.6192333333333333
SG_000621,0.7504583333333332
SG_000629,0.7828749999999999
SG_000633,0.3058666666666666
SG_000634,0.8135083333333333
SG_000638,0.4559083333333333
SG_000640,0.3771583333333334
SG_000643,0.7771
SG_000646,0.6965499999999999
SG_000648,0.044066666666666664
SG_000657,0.25231666666666663
SG_000662,0.3375333333333333
SG_000665,0.24158333333333332
SG_000666,0.6822083333333333
SG_000672,0.21159166666666662
SG_000674,0.32886666666666664
SG_000677,0.255175
SG_000678,0.974625
SG_000679,0.3255
SG_000691,0.5313
SG_000692,0.056266666666666666
SG_000693,0.9778083333333333
SG_000695,0.9078416666666665
SG_000696,0.10866666666666666
SG_000698,0.18206666666666665
SG_000706,0.23609166666666664
SG_000709,0.37381666666666663
SG_000713,0.3312583333333333
SG_000716,0.54985
SG_000717,0.23915
SG_000719,0.6156833333333334
SG_000722,0.803375
SG_000727,0.4289166666666666
SG_000734,0.30103333333333326
SG_000737,0.3954416666666667
SG_000739,0.23809999999999998
SG_000742,0.8576666666666666
SG_000743,0.7580499999999999
SG_000750,0.163875
SG_000751,0.5677666666666665
SG_000759,0.8826833333333333
SG_000762,0.44377500000000003
SG_000764,0.45755833333333334
SG_000768,0.21454166666666669
SG_000769,0.3380333333333333
SG_000770,0.4564833333333333
SG_000788,0.8751583333333333
SG_000790,0.13809166666666667
SG_000797,0.36351666666666665
SG_000798,0.14284999999999998
SG_000799,0.30196666666666666
SG_000802,0.6562833333333333
SG_000803,0.8728666666666667
SG_000809,0.7811416666666666
SG_000811,0.8700583333333334
SG_000812,0.8674333333333333
SG_000816,0.8074
SG_000817,0.30255
SG_000820,0.11316666666666665
SG_000821,0.13595833333333332
SG_000826,0.2446833333333333
SG_000840,0.49050000000000005
SG_000849,0.6479
SG_000851,0.20741666666666664
SG_000856,0.1823
SG_000857,0.9904749999999999
SG_000864,0.04420833333333333
SG_000865,0.06398333333333334
SG_000875,0.3556833333333333
SG_000883,0.3701833333333333
SG_000888,0.7303249999999999
SG_000889,0.4740333333333333
SG_000890,0.7636333333333333
SG_000891,0.18771666666666664
SG_000903,0.30495833333333333
SG_000907,0.853075
SG_000909,0.03885833333333333
SG_000910,0.5126499999999999
SG_000911,0.901925
SG_000912,0.297
SG_000913,0.710475
SG_000917,0.7892416666666666
SG_000920,0.51845
SG_000928,0.039799999999999995
SG_000934,0.1481
SG_000935,0.804775
SG_000938,0.6235333333333333
SG_000940,0.039191666666666666
SG_000943,0.46628333333333327
SG_000945,0.2659666666666667
SG_000946,0.7200166666666666
SG_000948,0.2982583333333333
SG_000950,0.632925
SG_000954,0.6667416666666667
SG_000959,0.6737583333333332
SG_000963,0.8112083333333333
SG_000965,0.28335
SG_000968,0.9278833333333333
SG_000970,0.6472249999999999
SG_000973,0.09210833333333332
SG_000975,0.29895
SG_000977,0.04825
SG_000980,0.8400333333333333
SG_000981,0.45042499999999996
SG_000985,0.36055
SG_000987,0.9161999999999999
SG_000988,0.34267499999999995
SG_000990,0.7858083333333332
SG_000991,0.9028999999999998
SG_001002,0.7137749999999998
SG_001004,0.8786166666666666
SG_001009,0.17459999999999998
SG_001010,0.030375000000000003
SG_001014,0.47275
SG_001023,0.8790833333333332
SG_001027,0.039383333333333326
SG_001028,0.951025
SG_001030,0.50495
SG_001031,0.3449083333333333
SG_001032,0.6173916666666667
SG_001042,0.3778666666666667
SG_001048,0.376075
SG_001049,0.062133333333333325
SG_001052,0.08315833333333333
SG_001058,0.22801666666666667
SG_001060,0.32653333333333334
SG_001066,0.9438
SG_001067,0.36369999999999997
SG_001070,0.5790583333333333
SG_001071,0.28874999999999995
SG_001075,0.028024999999999998
SG_001076,0.9238833333333333
SG_001078,0.07009166666666666
SG_001081,0.39360833333333334
SG_001085,0.7099500000000001
SG_001086,0.22181666666666663
SG_001100,0.269675
SG_001101,0.05905
SG_001102,0.6635666666666666
SG_001106,0.5068583333333333
SG_001107,0.008549999999999999
SG_001108,0.5030166666666666
SG_001109,0.41727499999999995
SG_001111,0.8854166666666667
SG_001117,0.8719083333333333
SG_001121,0.5765
SG_001123,0.6760083333333333
SG_001125,0.7214083333333333
SG_001126,0.9208
SG_001128,0.4363833333333333
SG_001133,0.13008333333333333
SG_001135,0.9057249999999999
SG_001143,0.9764916666666665
SG_001153,0.07409166666666667
SG_001155,0.7478583333333333
SG_001157,0.5665083333333333
SG_001159,0.7063583333333333
SG_001161,0.8313583333333333
SG_001163,0.7904166666666665
SG_001167,0.9502583333333333
SG_001180,0.09559999999999999
SG_001181,0.9076583333333332
SG_001182,0.611375
SG_001184,0.6162083333333334
SG_001188,0.058975
SG_001190,0.8531749999999999
SG_001192,0.5564416666666666
SG_001196,0.9365416666666666
SG_001201,0.6995083333333333
SG_001202,0.114225
SG_001203,0.5457
SG_001205,0.11865833333333331
SG_001208,0.8158333333333333
SG_001210,0.8509916666666666
SG_001211,0.34668333333333334
SG_001213,0.5116416666666667
SG_001215,0.8054416666666666
SG_001217,0.5726666666666667
SG_001225,0.7764499999999999
SG_001226,0.898825
SG_001229,0.885975
SG_001230,0.22528333333333334
SG_001236,0.49374999999999997
SG_001237,0.2705916666666667
SG_001243,0.5102666666666666
SG_001245,0.3951
SG_001248,0.187925
SG_001252,0.10441666666666667
SG_001255,0.9717166666666666
SG_001257,0.9484416666666666
SG_001262,0.32094999999999996
SG_001264,0.30765
SG_001267,0.3047833333333333
SG_001279,0.013541666666666667
SG_001285,0.39568333333333333
SG_001287,0.25130833333333336
SG_001293,0.8210333333333333
SG_001296,0.6561583333333333
SG_001298,0.21084166666666665
SG_001303,0.15041666666666664
SG_001305,0.16015
SG_001306,0.9255583333333334
SG_001309,0.45742499999999997
SG_001312,0.2507333333333333
SG_001313,0.9306749999999999
SG_001314,0.3323083333333333
SG_001316,0.2952166666666666
SG_001318,0.06374999999999999
SG_001319,0.9205583333333331
SG_001321,0.9132583333333333
SG_001322,0.45059999999999995
SG_001327,0.2569
SG_001331,0.23690833333333333
SG_001335,0.39505
SG_001336,0.7544666666666666
SG_001349,0.6603666666666667
SG_001350,0.31219166666666665
SG_001352,0.3921083333333333
SG_001354,0.26697499999999996
SG_001361,0.21345833333333333
SG_001362,0.596225
SG_001364,0.2695833333333333
SG_001374,0.7910333333333333
SG_001389,0.31624166666666664
SG_001390,0.08301666666666666
SG_001395,0.9603166666666666
SG_001397,0.3318
SG_001401,0.41255833333333325
SG_001402,0.3565083333333333
SG_001405,0.03708333333333333
SG_001412,0.9325999999999999
SG_001415,0.4323333333333333
SG_001419,0.18519999999999998
SG_001421,0.536825
SG_001423,0.30383333333333334
SG_001432,0.3767416666666667
SG_001433,0.023983333333333332
SG_001441,0.5780833333333333
SG_001446,0.6251666666666666
SG_001447,0.19228333333333333
SG_001448,0.048850000000000005
SG_001453,0.13271666666666665
SG_001458,0.29064166666666663
SG_001465,0.576475
SG_001469,0.4760999999999999
SG_001470,0.6232249999999999
SG_001472,0.6478166666666667
SG_001476,0.6467666666666667
SG_001478,0.8118999999999998
SG_001480,0.8258416666666666
SG_001484,0.053241666666666666
SG_001487,0.9119583333333332
SG_001493,0.9561999999999999
SG_001494,0.608375
SG_001500,0.623575
SG_001505,0.3099666666666666
SG_001506,0.7742249999999999
SG_001510,0.16875833333333332
SG_001514,0.610775
SG_001520,0.7604666666666666
SG_001525,0.952275
SG_001527,0.42022499999999996
SG_001528,0.3971166666666667
SG_001529,0.0453
SG_001531,0.7825333333333334
SG_001541,0.8875833333333333
SG_001542,0.7011916666666667
SG_001543,0.911925
SG_001545,0.41288333333333327
SG_001549,0.3716583333333333
SG_001557,0.575575
SG_001558,0.8615416666666667
SG_001561,0.20520000000000002
SG_001562,0.1208
SG_001563,0.43934166666666663
SG_001567,0.47021666666666667
SG_001568,0.46635
SG_001569,0.5628083333333332
SG_001570,0.5308666666666667
SG_001571,0.6922666666666666
SG_001572,0.42689166666666667
SG_001573,0.09956666666666666
SG_001576,0.5009166666666666
SG_001584,0.10265833333333332
SG_001590,0.5565
SG_001591,0.7001166666666666
SG_001592,0.192375
SG_001595,0.32024166666666665
SG_001601,0.8798166666666667
SG_001604,0.7013749999999999
SG_001609,0.6867666666666666
SG_001610,0.6980749999999999
SG_001612,0.24146666666666664
SG_001613,0.9570333333333333
SG_001615,0.27886666666666665
SG_001623,0.73415
SG_001624,0.13191666666666665
SG_001631,0.38065
SG_001634,0.7719749999999999
SG_001636,0.8711916666666666
SG_001638,0.8393083333333332
SG_001647,0.5201749999999999
SG_001650,0.6392249999999999
SG_001653,0.8629499999999999
SG_001654,0.9740666666666666
SG_001658,0.7088249999999999
SG_001663,0.6048583333333333
SG_001667,0.39112499999999994
SG_001668,0.3083083333333333
SG_001670,0.0036166666666666665
SG_001683,0.21845
SG_001686,0.6908416666666667
SG_001688,0.7430416666666667
SG_001689,0.30495833333333333
SG_001698,0.9271083333333332
SG_001704,0.5233166666666667
SG_001711,0.690825
SG_001719,0.10316666666666666
SG_001720,0.10581666666666666
SG_001723,0.4794583333333333
SG_001726,0.6669499999999999
SG_001728,0.3468416666666666
SG_001731,0.2828833333333333
SG_001733,0.91385
SG_001734,0.058491666666666664
SG_001735,0.5660916666666667
SG_001737,0.909575
SG_001738,0.7667916666666666
SG_001739,0.469475
SG_001740,0.3839666666666667
SG_001744,0.49225833333333324
SG_001745,0.7834083333333333
SG_001750,0.27649166666666664
SG_001751,0.3670833333333333
SG_001761,0.7808333333333333
SG_001767,0.056824999999999994
SG_001768,0.9375416666666665
SG_001769,0.18569166666666667
SG_001776,0.8234083333333333
SG_001786,0.18710833333333332
SG_001788,0.3165583333333333
SG_001789,0.7952
SG_001790,0.16035
SG_001791,0.41994166666666666
SG_001792,0.3949
SG_001793,0.37326666666666664
SG_001796,0.17421666666666666
SG_001797,0.5001583333333333
SG_001803,0.6614083333333333
SG_001804,0.37887499999999996
SG_001806,0.5187916666666667
SG_001811,0.40794166666666665
SG_001815,0.8426749999999998
SG_001819,0.5250416666666666
SG_001824,0.20035
SG_001825,0.6545083333333332
SG_001827,0.350725
SG_001830,0.8223833333333332
SG_001831,0.23853333333333332
SG_001833,0.9548749999999999
SG_001836,0.3767333333333333
SG_001844,0.7571916666666666
SG_001846,0.14173333333333332
SG_001847,0.925075
SG_001848,0.8877416666666667
SG_001849,0.9640249999999999
SG_001851,0.10429166666666666
SG_001858,0.37886666666666663
SG_001860,0.19801666666666667
SG_001862,0.7769666666666666
SG_001864,0.416625
SG_001865,0.7720916666666667
SG_001867,0.9566083333333333
SG_001872,0.062083333333333324
SG_001876,0.30748333333333333
SG_001877,0.8216916666666667
SG_001883,0.39021666666666666
SG_001884,0.24669166666666664
SG_001885,0.6697333333333333
SG_001886,0.9007000000000001
SG_001888,0.09375833333333332
SG_001890,0.4295333333333333
SG_001892,0.5118416666666666
SG_001893,0.937875
SG_001894,0.8031583333333333
SG_001895,0.8663166666666666
SG_001897,0.4860333333333333
SG_001901,0.250675
SG_001903,0.5372999999999999
SG_001904,0.16529166666666667
SG_001906,0.4144749999999999
SG_001909,0.36412500000000003
SG_001912,0.3137
SG_001914,0.09553333333333333
SG_001915,0.35265
SG_001919,0.6741916666666666
SG_001924,0.5959833333333333
SG_001925,0.048299999999999996
SG_001928,0.7026916666666666
SG_001930,0.33358333333333334
SG_001932,0.35216666666666663
SG_001933,0.23721666666666663
SG_001934,0.018016666666666667
SG_001936,0.162775
SG_001947,0.35314166666666663
SG_001953,0.8853166666666665
SG_001954,0.29914999999999997
SG_001955,0.8750333333333332
SG_001963,0.60405
SG_001971,0.883375
SG_001975,0.35590833333333327
SG_001976,0.6035499999999999
SG_001977,0.6863
SG_001980,0.14687499999999998
SG_001981,0.103825
SG_001982,0.8681333333333332
SG_001990,0.3447083333333333
SG_001999,0.2932166666666667
SG_002000,0.7429666666666666
SG_002002,0.8096166666666665
SG_002004,0.747625
SG_002008,0.8584
SG_002009,0.3025
SG_002016,0.7378333333333333
SG_002021,0.5078416666666666
SG_002024,0.42922499999999997
SG_002027,0.8681416666666667
SG_002037,0.7451666666666666
SG_002038,0.47306666666666664
SG_002039,0.6909166666666666
SG_002044,0.8650666666666667
SG_002045,0.2024166666666667
SG_002048,0.013166666666666667
SG_002050,0.7278333333333333
SG_002052,0.3358583333333333
SG_002063,0.4396416666666667
SG_002067,0.720375
SG_002068,0.5037916666666666
SG_002069,0.16046666666666665
SG_002074,0.09715833333333333
SG_002075,0.2759083333333333
SG_002078,0.4558833333333333
SG_002081,0.26264166666666666
SG_002090,0.7105833333333333
SG_002097,0.6209833333333333
SG_002103,0.25752499999999995
SG_002105,0.9558333333333333
SG_002110,0.20855833333333332
SG_002122,0.5549
SG_002123,0.47398333333333326
SG_002125,0.7741833333333332
SG_002129,0.8623416666666667
SG_002131,0.7809583333333333
SG_002137,0.5801666666666667
SG_002142,0.5846416666666666
SG_002150,0.6093333333333333
SG_002151,0.626975
SG_002152,0.5121916666666666
SG_002166,0.14299166666666668
SG_002171,0.6083749999999999
SG_002172,0.48294999999999993
SG_002176,0.18379999999999996
SG_002177,0.6185166666666666
SG_002181,0.8391333333333333
SG_002184,0.560525
SG_002185,0.9664999999999999
SG_002186,0.05479166666666666
SG_002191,0.28706666666666664
SG_002192,0.6308583333333333
SG_002194,0.5864083333333333
SG_002200,0.5904749999999999
SG_002209,0.8104499999999999
SG_002213,0.2524083333333333
SG_002220,0.4852833333333333
SG_002223,0.44811666666666666
SG_002227,0.0471
SG_002228,0.23004166666666664
SG_002233,0.7288333333333333
SG_002241,0.8078083333333332
SG_002248,0.749775
SG_002251,0.9975416666666665
SG_002252,0.43245
SG_002254,0.8515583333333333
SG_002255,0.611
SG_002260,0.89345
SG_002262,0.30843333333333334
SG_002263,0.05594166666666667
SG_002266,0.303525
SG_002270,0.44764999999999994
SG_002277,0.16319999999999998
SG_002278,0.03836666666666667
SG_002280,0.3763666666666667
SG_002281,0.5993583333333333
SG_002283,0.4398166666666667
SG_002284,0.9516499999999999
SG_002286,0.8728416666666666
SG_002288,0.5221416666666667
SG_002291,0.6649166666666667
SG_002292,0.37735
SG_002294,0.3366583333333333
SG_002296,0.6559416666666666
SG_002298,0.31425000000000003
SG_002301,0.3222666666666667
SG_002304,0.717475
SG_002311,0.3194333333333333
SG_002319,0.7339416666666666
SG_002320,0.42865
SG_002322,0.4699958333333333
SG_002324,0.6627416666666666
SG_002328,0.5680583333333333
SG_002332,0.3167333333333333
SG_002341,0.8700499999999999
SG_002346,0.164925
SG_002347,0.6116916666666666
SG_002352,0.16104166666666664
SG_002357,0.3078
SG_002361,0.358875
SG_002370,0.09211666666666667
SG_002371,0.7486166666666667
SG_002372,0.010166666666666666
SG_002373,0.122375
SG_002374,0.21411666666666668
SG_002375,0.5179166666666666
SG_002381,0.2477083333333333
SG_002385,0.073575
SG_002387,0.30019166666666663
SG_002390,0.876825
SG_002391,0.23286666666666664
SG_002392,0.20684999999999998
SG_002394,0.654825
SG_002396,0.37296666666666667
SG_002401,0.38092499999999996
SG_002402,0.14584999999999998
SG_002404,0.3582916666666667
SG_002407,0.2575
SG_002410,0.2801666666666667
SG_002419,0.6242166666666666
SG_002421,0.7932166666666666
SG_002422,0.11549999999999999
SG_002423,0.8281333333333333
SG_002429,0.15925833333333334
SG_002430,0.6172
SG_002434,0.7357
SG_002437,0.26329166666666665
SG_002442,0.285
SG_002444,0.2930083333333333
SG_002447,0.2526333333333333
SG_002448,0.14413333333333334
SG_002450,0.8488583333333333
SG_002453,0.40659999999999996
SG_002454,0.9155833333333332
SG_002455,0.6106333333333333
SG_002456,0.8464083333333333
SG_002458,0.5944833333333333
SG_002459,0.7050083333333332
SG_002460,0.6650666666666667
SG_002462,0.1392
SG_002464,0.6722583333333332
SG_002466,0.5844166666666666
SG_002475,0.64145
SG_002477,0.3335666666666667
SG_002479,0.6340666666666667
SG_002482,0.36839999999999995
SG_002483,0.7972499999999999
SG_002486,0.4307916666666667
SG_002490,0.9631
SG_002493,0.24379166666666666
SG_002495,0.7901083333333332
SG_002498,0.11878333333333332
SG_002500,0.6779333333333333
SG_002502,0.3680583333333334
SG_002507,0.704275
SG_002509,0.320475
SG_002517,0.6243083333333334
SG_002520,0.43226666666666663
SG_002522,0.24497500000000003
SG_002526,0.2951666666666667
SG_002529,0.14052499999999998
SG_002532,0.076625
SG_002539,0.23989166666666664
SG_002541,0.04828333333333333
SG_002544,0.2165083333333333
SG_002545,0.19761666666666663
SG_002546,0.6879333333333333
SG_002548,0.7782
SG_002555,0.503925
SG_002559,0.2715583333333333
SG_002568,0.05985
SG_002572,0.7576166666666666
SG_002573,0.15124166666666666
SG_002577,0.21852499999999997
SG_002580,0.7238999999999999
SG_002583,0.5826
SG_002586,0.06355833333333333
SG_002587,0.6339333333333332
SG_002588,0.06273333333333332
SG_002594,0.04284166666666667
SG_002596,0.3044666666666666
SG_002597,0.10055
SG_002599,0.5766333333333333
SG_002600,0.88325
SG_002601,0.09534999999999999
SG_002605,0.40525
SG_002613,0.36774166666666663
SG_002615,0.5717916666666667
SG_002618,0.008866666666666665
SG_002622,0.3599833333333333
SG_002627,0.24699999999999997
SG_002628,0.15549166666666664
SG_002630,0.06681666666666666
SG_002633,0.9130999999999999
SG_002638,0.37177499999999997
SG_002649,0.5777666666666667
SG_002650,0.5429166666666667
SG_002652,0.35479166666666667
SG_002653,0.1464083333333333
SG_002654,0.35894166666666666
SG_002657,0.40091666666666664
SG_002664,0.7538999999999999
SG_002665,0.19293333333333335
SG_002666,0.26484166666666664
SG_002667,0.5561166666666666
SG_002672,0.6441166666666667
SG_002673,0.8064499999999999
SG_002674,0.29238333333333333
SG_002675,0.40529166666666666
SG_002680,0.86155
SG_002684,0.570325
SG_002688,0.9214416666666666
SG_002689,0.10200833333333333
SG_002691,0.44392499999999996
SG_002693,0.8376083333333333
SG_002699,0.27707499999999996
SG_002701,0.8276249999999998
SG_002705,0.7811416666666666
SG_002720,0.17795833333333333
SG_002731,0.5757833333333333
SG_002733,0.16699999999999998
SG_002735,0.3259916666666667
SG_002736,0.9240833333333333
SG_002738,0.09024166666666666
SG_002742,0.8314083333333332
SG_002746,0.42460833333333337
SG_002748,0.09845833333333331
SG_002752,0.28831666666666667
SG_002755,0.309025
SG_002757,0.2166
SG_002759,0.35604166666666665
SG_002767,0.3484333333333333
SG_002770,0.9203916666666667
SG_002773,0.8991749999999998
SG_002777,0.8813916666666666
SG_002782,0.10145
SG_002783,0.2771916666666666
SG_002785,0.13427499999999998
SG_002788,0.471375
SG_002789,0.473025
SG_002793,0.3800666666666666
SG_002796,0.29469999999999996
SG_002798,0.6048833333333333
SG_002809,0.7892083333333333
SG_002814,0.5969499999999999
SG_002820,0.14354166666666668
SG_002825,0.9300083333333333
SG_002827,0.7115833333333332
SG_002829,0.19791666666666669
SG_002832,0.8886666666666666
SG_002834,0.11115
SG_002840,0.7785416666666667
SG_002842,0.2396833333333333
SG_002843,0.3388833333333333
SG_002849,0.896425
SG_002850,0.1706083333333333
SG_002853,0.6668666666666666
SG_002875,0.963075
SG_002882,0.821175
SG_002887,0.9055083333333332
SG_002891,0.3313499999999999
SG_002896,0.2860166666666667
SG_002904,0.4140583333333333
SG_002906,0.922825
SG_002907,0.6658583333333333
SG_002910,0.8186666666666667
SG_002918,0.733525
SG_002926,0.07106666666666665
SG_002930,0.573925
SG_002932,0.027991666666666665
SG_002937,0.7338833333333332
SG_002939,0.334775
SG_002943,0.19529999999999997
SG_002944,0.26603333333333334
SG_002947,0.2947166666666666
SG_002949,0.35934166666666667
SG_002950,0.11585833333333333
SG_002952,0.26241666666666663
SG_002954,0.48456666666666665
SG_002955,0.8631583333333332
SG_002958,0.8333416666666666
SG_002960,0.889425
SG_002964,0.7820083333333333
SG_002967,0.2831916666666667
SG_002972,0.9551499999999999
SG_002982,0.9154249999999999
SG_002985,0.8026666666666665
SG_002989,0.3341333333333333
SG_002999,0.23837499999999998
SG_003002,0.4034333333333333
SG_003008,0.32606666666666667
SG_003023,0.10658333333333332
SG_003024,0.19527499999999998
SG_003026,0.7445749999999999
SG_003028,0.839525
SG_003030,0.5841583333333333
SG_003031,0.4718416666666666
SG_003037,0.3834666666666666
SG_003042,0.760975
SG_003043,0.2534333333333333
SG_003044,0.9498166666666668
SG_003045,0.23779999999999996
SG_003048,0.7356999999999999
SG_003049,0.48746666666666666
SG_003051,0.07027499999999999
SG_003052,0.29214166666666663
SG_003059,0.9708166666666667
SG_003062,0.1640333333333333
SG_003065,0.06783333333333333
SG_003067,0.19131666666666666
SG_003071,0.4039583333333333
SG_003072,0.6549166666666666
SG_003073,0.44400833333333334
SG_003075,0.4675916666666667
SG_003080,0.33038333333333336
SG_003082,0.7084583333333332
SG_003084,0.9521499999999998
SG_003085,0.24012499999999998
SG_003088,0.23893333333333333
SG_003089,0.7303666666666667
SG_003096,0.09840833333333332
SG_003097,0.9074833333333332
SG_003102,0.237475
SG_003105,0.5809583333333332
SG_003107,0.017225
SG_003111,0.33909999999999996
SG_003116,0.7932999999999999
SG_003118,0.4129333333333333
SG_003125,0.025974999999999998
SG_003127,0.13184999999999997
SG_003133,0.9007249999999999
SG_003135,0.3161083333333333
SG_003137,0.5043166666666666
SG_003138,0.45247499999999996
SG_003139,0.9493999999999999
SG_003141,0.9354416666666667
SG_003144,0.7985166666666668
SG_003151,0.5409583333333333
SG_003154,0.8300083333333335
SG_003158,0.9500666666666666
SG_003160,0.13622499999999998
SG_003164,0.8921333333333332
SG_003168,0.16213333333333335
SG_003169,0.07815833333333333
SG_003174,0.045625
SG_003179,0.9839249999999999
SG_003184,0.4522999999999999
SG_003186,0.039341666666666664
SG_003193,0.664925
SG_003196,0.20610833333333334
SG_003198,0.8314083333333333
SG_003201,0.9311499999999999
SG_003204,0.6698166666666666
SG_003205,0.7115499999999999
SG_003206,0.3116833333333333
SG_003211,0.5549666666666666
SG_003214,0.8610416666666666
SG_003215,0.17645
SG_003216,0.6473583333333333
SG_003217,0.4587916666666666
SG_003219,0.8262416666666667
SG_003226,0.4169333333333333
SG_003227,0.9747583333333332
SG_003230,0.8110833333333334
SG_003231,0.6032
SG_003232,0.2607
SG_003234,0.25495833333333334
SG_003239,0.24708333333333332
SG_003241,0.8718249999999999
SG_003243,0.05755833333333333
SG_003250,0.1471083333333333
SG_003253,0.8276416666666666
SG_003256,0.5001083333333333
SG_003259,0.18142499999999998
SG_003266,0.9480833333333332
SG_003272,0.8877333333333333
SG_003273,0.34286666666666665
SG_003281,0.13205
SG_003284,0.676175
SG_003288,0.06910833333333333
SG_003293,0.13744166666666666
SG_003294,0.472525
SG_003295,0.6723916666666667
SG_003296,0.10264999999999999
SG_003301,0.6793583333333333
SG_003304,0.2292083333333333
SG_003305,0.6672416666666667
SG_003307,0.4467416666666666
SG_003310,0.4368333333333333
SG_003314,0.5256666666666667
SG_003321,0.301625
SG_003325,0.367525
SG_003328,0.9244
SG_003331,0.37907499999999994
SG_003332,0.925775
SG_003333,0.45605833333333334
SG_003340,0.5040083333333334
SG_003341,0.9144166666666667
SG_003342,0.4980166666666666
SG_003349,0.3559333333333333
SG_003355,0.5164833333333333
SG_003357,0.8341000000000001
SG_003361,0.076675
SG_003370,0.9219083333333333
SG_003371,0.7692583333333333
SG_003373,0.7697666666666666
SG_003374,0.7206666666666666
SG_003379,0.43624999999999997
SG_003388,0.27570833333333333
SG_003389,0.7674416666666666
SG_003390,0.19428333333333334
SG_003391,0.734675
SG_003392,0.2343
SG_003393,0.90055
SG_003397,0.12002499999999999
SG_003398,0.2901083333333333
SG_003399,0.7131
SG_003402,0.6614333333333333
SG_003404,0.20549999999999996
SG_003407,0.35585
SG_003408,0.8522
SG_003422,0.22244166666666665
SG_003426,0.20366666666666663
SG_003430,0.3415916666666667
SG_003434,0.0992
SG_003437,0.5431249999999999
SG_003439,0.22654166666666664
SG_003440,0.5332
SG_003441,0.038974999999999996
SG_003444,0.27069166666666666
SG_003447,0.8986416666666666
SG_003452,0.3318833333333333
SG_003453,0.8646916666666666
SG_003464,0.545575
SG_003469,0.11898333333333333
SG_003475,0.9662916666666667
SG_003477,0.94435
SG_003479,0.6728999999999999
SG_003480,0.48924999999999996
SG_003482,0.6452
SG_003483,0.8393083333333333
SG_003485,0.33915833333333334
SG_003486,0.7251
SG_003489,0.04242499999999999
SG_003491,0.076675
SG_003492,0.5132333333333333
SG_003493,0.24758333333333332
SG_003501,0.6606
SG_003505,0.8635583333333333
SG_003509,0.021366666666666666
SG_003517,0.7490499999999999
SG_003521,0.602
SG_003526,0.017124999999999998
SG_003528,0.25732499999999997
SG_003532,0.06724166666666667
SG_003535,0.19196666666666665
SG_003538,0.2658833333333333
SG_003541,0.1803833333333333
SG_003545,0.60905
SG_003548,0.251875
SG_003549,0.19605
SG_003554,0.06269166666666667
SG_003557,0.8745499999999999
SG_003566,0.2985
SG_003568,0.346375
SG_003572,0.6726833333333333
SG_003575,0.3102083333333333
SG_003578,0.5589166666666666
SG_003584,0.12495833333333332
SG_003585,0.48588333333333333
SG_003588,0.7360916666666666
SG_003589,0.3280708333333333
SG_003594,0.7844333333333332
SG_003597,0.6836166666666667
SG_003598,0.5040833333333333
SG_003601,0.7243416666666667
SG_003603,0.6275166666666666
SG_003610,0.14700000000000002
SG_003611,0.051166666666666666
SG_003613,0.39034166666666664
SG_003618,0.015741666666666668
SG_003619,0.11896666666666667
SG_003620,0.9049749999999999
SG_003625,0.9298083333333333
SG_003627,0.32581666666666664
SG_003628,0.7496416666666667
SG_003629,0.14392499999999997
SG_003637,0.8469416666666666
SG_003648,0.306675
SG_003650,0.43676666666666664
SG_003666,0.33172499999999994
SG_003668,0.65355
SG_003670,0.8337083333333333
SG_003671,0.056275
SG_003689,0.37044999999999995
SG_003691,0.36774166666666663
SG_003699,0.9748166666666667
SG_003702,0.4603083333333333
SG_003704,0.046633333333333325
SG_003705,0.29575
SG_003706,0.4020666666666666
SG_003708,0.10325833333333333
SG_003710,0.1094
SG_003711,0.12273333333333333
SG_003714,0.19144999999999998
SG_003715,0.16920833333333332
SG_003722,0.9673833333333333
SG_003745,0.304125
SG_003746,0.2796833333333333
SG_003751,0.24639166666666668
SG_003754,0.7579166666666666
SG_003757,0.729775
SG_003758,0.4935666666666667
SG_003765,0.7035499999999999
SG_003767,0.0432
SG_003768,0.38381666666666664
SG_003769,0.1989
SG_003777,0.40795000000000003
SG_003783,0.2411083333333333
SG_003786,0.2358083333333333
SG_003787,0.08879166666666666
SG_003788,0.1799583333333333
SG_003792,0.4537833333333333
SG_003795,0.16819166666666666
SG_003806,0.5679166666666666
SG_003807,0.7378916666666666
SG_003809,0.6738916666666666
SG_003810,0.3337333333333333
SG_003812,0.8154999999999999
SG_003820,0.864525
SG_003822,0.5711666666666666
SG_003829,0.6959333333333333
SG_003835,0.2762916666666666
SG_003843,0.984875
SG_003844,0.48572499999999996
SG_003851,0.36899166666666666
SG_003852,0.5515166666666667
SG_003856,0.23794166666666666
SG_003860,0.7784499999999999
SG_003863,0.12871666666666667
SG_003865,0.6029083333333334
SG_003868,0.5637416666666666
SG_003869,0.34804999999999997
SG_003874,0.6080833333333333
SG_003878,0.9042583333333332
SG_003880,0.7908
SG_003881,0.42128333333333334
SG_003886,0.522875
SG_003896,0.4307833333333333
SG_003904,0.9527999999999999
SG_003905,0.6992666666666667
SG_003906,0.13544166666666665
SG_003907,0.24007499999999998
SG_003908,0.5680999999999999
SG_003910,0.8506583333333333
SG_003917,0.27862499999999996
SG_003919,0.6777833333333333
SG_003920,0.6823333333333333
SG_003921,0.3336166666666667
SG_003922,0.813725
SG_003925,0.1403083333333333
SG_003926,0.23649166666666666
SG_003935,0.4627
SG_003937,0.3967
SG_003940,0.6862833333333332
SG_003941,0.5895083333333333
SG_003945,0.9637
SG_003951,0.9696916666666667
SG_003958,0.12734166666666666
SG_003959,0.389625
SG_003961,0.6532416666666667
SG_003966,0.46629166666666666
SG_003967,0.09076666666666666
SG_003969,0.2650166666666667
SG_003972,0.6597916666666667
SG_003977,0.8633083333333333
SG_003978,0.016833333333333332
SG_003979,0.64995
SG_003988,0.17090833333333333
SG_003992,0.5939249999999999
SG_003994,0.21880833333333333
SG_003995,0.8939833333333332
SG_004001,0.5605083333333333
SG_004002,0.4923583333333333
SG_004011,0.16435
SG_004012,0.03933333333333333
SG_004016,0.8576416666666666
SG_004019,0.9927249999999999
SG_004034,0.7600499999999999
SG_004036,0.35036666666666666
SG_004041,0.7908083333333333
SG_004042,0.3469083333333334
SG_004045,0.10411666666666666
SG_004048,0.9212416666666666
SG_004049,0.06983333333333333
SG_004050,0.945025
SG_004054,0.8776166666666665
SG_004060,0.5074166666666666
SG_004063,0.15241666666666667
SG_004064,0.6177499999999999
SG_004065,0.8527833333333332
SG_004066,0.32071666666666665
SG_004071,0.2446333333333333
SG_004074,0.22993333333333332
SG_004078,0.8856083333333332
SG_004079,0.21603333333333333
SG_004080,0.7025166666666667
SG_004081,0.6024666666666666
SG_004083,0.9457583333333333
SG_004087,0.626775
SG_004089,0.17926666666666666
SG_004091,0.41625
SG_004093,0.9217083333333334
SG_004094,0.60015
SG_004100,0.3060583333333333
SG_004107,0.202725
SG_004109,0.7588583333333333
SG_004110,0.594
SG_004111,0.19243333333333335
SG_004123,0.061825
SG_004126,0.14744166666666667
SG_004127,0.04245833333333333
SG_004129,0.634475
SG_004130,0.24314166666666664
SG_004131,0.9690083333333332
SG_004136,0.18769999999999998
SG_004140,0.34265
SG_004149,0.21844166666666665
SG_004152,0.8758166666666667
SG_004155,0.8500916666666666
SG_004157,0.20757499999999998
SG_004163,0.08740833333333332
SG_004164,0.542575
SG_004168,0.4089666666666667
SG_004170,0.6309583333333333
SG_004171,0.20695833333333333
SG_004174,0.3667916666666666
SG_004175,0.18075833333333333
SG_004178,0.3752
SG_004181,0.6291583333333333
SG_004184,0.7890666666666667
SG_004186,0.4505583333333333
SG_004187,0.9197583333333332
SG_004191,0.781775
SG_004192,0.8352583333333332
SG_004197,0.508
SG_004201,0.9386083333333333
SG_004204,0.8567499999999999
SG_004207,0.5273833333333333
SG_004209,0.752675
SG_004214,0.5430916666666666
SG_004218,0.4765083333333333
SG_004220,0.3821833333333333
SG_004223,0.30802499999999994
SG_004224,0.4275416666666666
SG_004225,0.9463333333333332
SG_004228,0.5356666666666666
SG_004229,0.7156
SG_004230,0.30823333333333336
SG_004235,0.602425
SG_004238,0.3982416666666666
SG_004239,0.9636333333333331
SG_004244,0.4268916666666666
SG_004253,0.5782916666666666
SG_004256,0.6845249999999999
SG_004257,0.6517499999999999
SG_004258,0.21206666666666665
SG_004262,0.7187250000000001
SG_004263,0.387775
SG_004265,0.12701666666666667
SG_004268,0.07920833333333333
SG_004269,0.772975
SG_004271,0.08944166666666667
SG_004286,0.3380416666666667
SG_004289,0.2328333333333333
SG_004290,0.8243166666666667
SG_004291,0.8359083333333333
SG_004297,0.26579166666666665
SG_004300,0.6070333333333333
SG_004302,0.8326166666666666
SG_004305,0.38615
SG_004306,0.4977333333333333
SG_004312,0.4579
SG_004313,0.24274166666666663
SG_004315,0.7882333333333332
SG_004320,0.1778333333333333
SG_004321,0.9018333333333333
SG_004322,0.7146250000000001
SG_004325,0.5273916666666667
SG_004326,0.4074583333333333
SG_004339,0.09654166666666666
SG_004342,0.5569666666666667
SG_004347,0.6102
SG_004348,0.961975
SG_004349,0.7755083333333334
SG_004350,0.8586333333333331
SG_004357,0.22022499999999998
SG_004358,0.6242666666666666
SG_004359,0.5641499999999999
SG_004362,0.7155833333333333
SG_004365,0.11550833333333334
SG_004368,0.84805
SG_004369,0.38534166666666664
SG_004370,0.14982499999999999
SG_004378,0.619
SG_004379,0.3062166666666667
SG_004388,0.8180749999999999
SG_004390,0.22943333333333332
SG_004391,0.20775833333333332
SG_004401,0.42116666666666663
SG_004404,0.7503166666666666
SG_004405,0.6812416666666666
SG_004406,0.23469166666666666
SG_004408,0.5708333333333333
SG_004415,0.6374249999999999
SG_004417,0.26065
SG_004419,0.13681666666666667
SG_004420,0.8899166666666666
SG_004422,0.158125
SG_004423,0.44934166666666664
SG_004426,0.216775
SG_004427,0.570775
SG_004429,0.8929
SG_004432,0.48934999999999995
SG_004439,0.9265
SG_004445,0.44395
SG_004447,0.714575
SG_004448,0.14570833333333333
SG_004451,0.6090583333333334
SG_004457,0.7094916666666666
SG_004458,0.18646666666666667
SG_004460,0.1227
SG_004461,0.9649416666666666
SG_004462,0.021808333333333332
SG_004464,0.21321666666666667
SG_004465,0.5406583333333332
SG_004469,0.438125
SG_004474,0.434625
SG_004475,0.19639166666666663
SG_004476,0.06281666666666667
SG_004477,0.796225
SG_004480,0.9082916666666666
SG_004482,0.5224333333333333
SG_004484,0.11107499999999998
SG_004486,0.39124166666666665
SG_004494,0.8902666666666665
SG_004504,0.070925
SG_004508,0.076375
SG_004509,0.3482916666666666
SG_004511,0.8882583333333333
SG_004514,0.6034083333333333
SG_004515,0.5018916666666666
SG_004518,0.4553333333333333
SG_004521,0.19732499999999997
SG_004526,0.7911499999999999
SG_004530,0.7878166666666666
SG_004534,0.9383583333333332
SG_004536,0.33582500000000004
SG_004538,0.5599583333333332
SG_004539,0.8652083333333334
SG_004541,0.6593166666666667
SG_004549,0.25445833333333334
SG_004552,0.6968249999999999
SG_004553,0.0493
SG_004556,0.23842499999999994
SG_004559,0.24087499999999998
SG_004562,0.3183083333333333
SG_004565,0.36316666666666664
SG_004568,0.07221666666666667
SG_004576,0.09472499999999999
SG_004577,0.21341666666666664
SG_004593,0.5979833333333333
SG_004594,0.6195583333333333
SG_004600,0.901025
SG_004602,0.9853166666666666
SG_004608,0.46199999999999997
SG_004609,0.6259333333333333
SG_004612,0.20344166666666666
SG_004614,0.14659166666666668
SG_004617,0.7792166666666666
SG_004620,0.363625
SG_004623,0.3046
SG_004626,0.5134
SG_004631,0.44364166666666666
SG_004632,0.38789166666666663
SG_004633,0.43272499999999997
SG_004635,0.3703916666666666
SG_004637,0.3790916666666667
SG_004638,0.3587666666666666
SG_004641,0.9041249999999998
SG_004645,0.7013166666666666
SG_004652,0.15804166666666666
SG_004653,0.07276666666666667
SG_004655,0.9027666666666666
SG_004656,0.8384749999999999
SG_004658,0.17364166666666667
SG_004659,0.37559166666666666
SG_004662,0.5440583333333333
SG_004664,0.28278333333333333
SG_004668,0.25042499999999995
SG_004669,0.13084166666666666
SG_004672,0.8949333333333334
SG_004676,0.6343333333333333
SG_004682,0.126625
SG_004685,0.8856916666666665
SG_004689,0.37488333333333335
SG_004695,0.32944166666666663
SG_004697,0.6081333333333333
SG_004700,0.725275
SG_004701,0.8246
SG_004709,0.6789333333333333
SG_004710,0.5507416666666667
SG_004712,0.2592333333333333
SG_004716,0.34487499999999993
SG_004720,0.4431583333333333
SG_004721,0.2907666666666666
SG_004723,0.5579916666666667
SG_004731,0.6271083333333334
SG_004736,0.8582833333333333
SG_004737,0.8137583333333333
SG_004738,0.8253999999999999
SG_004739,0.778825
SG_004742,0.5016166666666666
SG_004751,0.9314499999999999
SG_004753,0.06618333333333333
SG_004755,0.9402666666666667
SG_004757,0.12100000000000001
SG_004760,0.07129166666666667
SG_004761,0.12531666666666666
SG_004762,0.6253833333333333
SG_004763,0.477075
SG_004764,0.4807
SG_004766,0.8536083333333333
SG_004769,0.541275
SG_004772,0.30545
SG_004773,0.5877416666666666
SG_004782,0.16464166666666663
SG_004784,0.5778166666666666
SG_004786,0.7684416666666667
SG_004787,0.6720499999999999
SG_004789,0.0848
SG_004797,0.39276666666666665
SG_004798,0.45365833333333333
SG_004799,0.9198416666666667
SG_004801,0.7213916666666667
SG_004804,0.7328916666666667
SG_004813,0.8102916666666666
SG_004816,0.9440083333333333
SG_004817,0.17448333333333332
SG_004818,0.7894333333333333
SG_004821,0.44035
SG_004827,0.2811666666666667
SG_004828,0.23353333333333332
SG_004829,0.70965
SG_004830,0.7606333333333334
SG_004831,0.7659749999999999
SG_004836,0.10590833333333333
SG_004840,0.5425083333333333
SG_004842,0.7452166666666666
SG_004844,0.04485
SG_004846,0.8595833333333334
SG_004853,0.4167583333333333
SG_004855,0.7244833333333334
SG_004856,0.04354166666666666
SG_004866,0.5647916666666666
SG_004867,0.13919166666666666
SG_004868,0.88035
SG_004873,0.845
SG_004877,0.32142499999999996
SG_004881,0.133525
SG_004882,0.8201083333333332
SG_004887,0.8354750000000001
SG_004898,0.9153249999999999
SG_004900,0.47020833333333334
SG_004906,0.7733583333333333
SG_004907,0.4997166666666666
SG_004912,0.458
SG_004913,0.078375
SG_004919,0.10518333333333332
SG_004922,0.69745
SG_004923,0.36254166666666665
SG_004925,0.84805
SG_004927,0.2921916666666666
SG_004929,0.888625
SG_004930,0.6053416666666667
SG_004939,0.8694249999999999
SG_004942,0.11201666666666665
SG_004944,0.3305416666666666
SG_004945,0.08165
SG_004959,0.9226333333333333
SG_004960,0.8366083333333332
SG_004964,0.21491666666666664
SG_004968,0.989925
SG_004969,0.7216916666666666
SG_004973,0.9094333333333333
SG_004975,0.45619999999999994
SG_004981,0.8765083333333332
SG_004985,0.7104083333333333
SG_004988,0.3022083333333333
SG_004990,0.4875083333333333
SG_004993,0.298575
SG_004997,0.14648333333333333
SG_005000,0.144525
SG_005002,0.9035
SG_005004,0.8892166666666665
SG_005011,0.1380833333333333
SG_005013,0.11785
SG_005018,0.41585833333333333
SG_005019,0.3253
SG_005020,0.16985833333333333
SG_005022,0.24624999999999997
SG_005027,0.27373333333333333
SG_005029,0.16826666666666668
SG_005030,0.06808333333333333
SG_005031,0.17614999999999997
SG_005033,0.24227499999999996
SG_005037,0.02515833333333333
SG_005041,0.26034999999999997
SG_005048,0.5328166666666666
SG_005049,0.38526666666666665
SG_005052,0.2407833333333333
SG_005057,0.5324166666666666
SG_005058,0.3330666666666666
SG_005062,0.7841499999999999
SG_005080,0.2922916666666666
SG_005085,0.5285
SG_005086,0.4020083333333333
SG_005089,0.5980833333333333
SG_005090,0.12345833333333331
SG_005091,0.8783749999999999
SG_005094,0.43308333333333326
SG_005097,0.50285
SG_005098,0.7501916666666667
SG_005100,0.9171583333333333
SG_005101,0.7755
SG_005102,0.88535
SG_005108,0.9793333333333333
SG_005110,0.8918833333333333
SG_005114,0.43345
SG_005120,0.23226666666666665
SG_005122,0.42998333333333333
SG_005123,0.37355
SG_005126,0.45811666666666667
SG_005131,0.11703333333333332
SG_005132,0.28208333333333335
SG_005134,0.37889999999999996
SG_005137,0.3869916666666666
SG_005140,0.6284416666666666
SG_005141,0.3626499999999999
SG_005142,0.8230333333333333
SG_005143,0.01618333333333333
SG_005148,0.7563249999999999
SG_005161,0.8514916666666665
SG_005168,0.6820166666666666
SG_005170,0.40552499999999997
SG_005171,0.8629833333333332
SG_005174,0.09437499999999999
SG_005175,0.26529166666666665
SG_005178,0.33423333333333327
SG_005179,0.25178333333333336
SG_005188,0.6320666666666667
SG_005190,0.35267499999999996
SG_005191,0.39198333333333335
SG_005194,0.7677083333333332
SG_005196,0.2986083333333333
SG_005199,0.23850833333333332
SG_005200,0.16874999999999998
SG_005203,0.10451666666666666
SG_005205,0.5680416666666667
SG_005213,0.08750833333333333
SG_005214,0.5205583333333332
SG_005216,0.8525499999999999
SG_005220,0.57495
SG_005224,0.37275
SG_005228,0.8624083333333332
SG_005233,0.14565833333333333
SG_005235,0.4094416666666667
SG_005240,0.22864166666666663
SG_005241,0.45280833333333337
SG_005246,0.7235749999999999
SG_005247,0.420025
SG_005248,0.5921916666666667
SG_005250,0.5088833333333334
SG_005251,0.7328166666666667
SG_005253,0.14605833333333332
SG_005255,0.1359
SG_005264,0.8504
SG_005268,0.3961916666666666
SG_005270,0.36945833333333333
SG_005277,0.8860499999999999
SG_005282,0.03888333333333333
SG_005283,0.6443416666666666
SG_005284,0.600625
SG_005287,0.9744499999999999
SG_005289,0.89975
SG_005291,0.4527416666666666
SG_005292,0.28123333333333334
SG_005296,0.119325
SG_005302,0.20091666666666666
SG_005305,0.6295083333333333
SG_005311,0.5253333333333333
SG_005312,0.5347000000000001
SG_005313,0.3544333333333333
SG_005316,0.23205
SG_005320,0.5983916666666667
SG_005321,0.554725
SG_005322,0.8417083333333333
SG_005323,0.5052833333333333
SG_005325,0.21534999999999999
SG_005328,0.21689999999999998
SG_005329,0.389925
SG_005332,0.7921916666666666
SG_005333,0.8593
SG_005335,0.05106666666666666
SG_005340,0.809075
SG_005341,0.2744583333333333
SG_005346,0.5987333333333333
SG_005350,0.7853833333333333
SG_005351,0.2672583333333333
SG_005353,0.10161666666666666
SG_005356,0.23599166666666666
SG_005360,0.8998166666666666
SG_005362,0.644525
SG_005363,0.5367916666666667
SG_005365,0.33471666666666666
SG_005371,0.2753333333333333
SG_005372,0.080325
SG_005376,0.8896166666666665
SG_005378,0.7177416666666667
SG_005379,0.26760833333333334
SG_005380,0.91655
SG_005384,0.9716333333333333
SG_005386,0.32944166666666663
SG_005387,0.9305416666666666
SG_005397,0.9438416666666666
SG_005401,0.8183833333333334
SG_005408,0.9442249999999999
SG_005412,0.39339166666666664
SG_005414,0.6648833333333333
SG_005421,0.359225
SG_005424,0.14999166666666666
SG_005428,0.6908416666666666
SG_005432,0.08366666666666665
SG_005439,0.9036583333333332
SG_005444,0.38975
SG_005445,0.6271916666666666
SG_005446,0.2802
SG_005447,0.9762916666666666
SG_005449,0.1588
SG_005450,0.7758750000000001
SG_005451,0.41505833333333336
SG_005452,0.41332499999999994
SG_005456,0.38718333333333327
SG_005457,0.08399166666666666
SG_005459,0.005783333333333332
SG_005460,0.046691666666666666
SG_005465,0.5676166666666667
SG_005466,0.9384916666666667
SG_005470,0.5043083333333334
SG_005473,0.78845
SG_005477,0.7523333333333333
SG_005486,0.15790833333333334
SG_005489,0.6254916666666666
SG_005491,0.39269999999999994
SG_005496,0.3564
SG_005497,0.7695583333333333
SG_005499,0.9955333333333332
SG_005503,0.16361666666666666
SG_005504,0.20878333333333332
SG_005506,0.2447083333333333
SG_005510,0.2618583333333333
SG_005511,0.595
SG_005515,0.3918583333333333
SG_005518,0.8509833333333332
SG_005519,0.9448666666666665
SG_005524,0.8907833333333333
SG_005529,0.6305333333333333
SG_005530,0.7017833333333333
SG_005531,0.3156416666666666
SG_005532,0.03365
SG_005534,0.9658416666666665
SG_005535,0.3923916666666667
SG_005541,0.8432666666666666
SG_005542,0.490375
SG_005550,0.08035833333333334
SG_005555,0.24624166666666666
SG_005557,0.15014999999999998
SG_005565,0.6746333333333332
SG_005569,0.4714999999999999
SG_005572,0.06264166666666666
SG_005575,0.3229916666666667
SG_005579,0.8988083333333332
SG_005580,0.3673166666666667
SG_005583,0.24488333333333334
SG_005591,0.942475
SG_005592,0.3121083333333333
SG_005593,0.5478916666666667
SG_005594,0.28296666666666664
SG_005599,0.40127499999999994
SG_005603,0.8032999999999999
SG_005606,0.15464999999999998
SG_005611,0.537875
SG_005615,0.8251833333333334
SG_005622,0.384675
SG_005625,0.40775
SG_005630,0.8806416666666667
SG_005634,0.3652916666666667
SG_005635,0.7789583333333333
SG_005636,0.7679666666666666
SG_005638,0.6600333333333334
SG_005640,0.23324166666666665
SG_005643,0.10200833333333333
SG_005644,0.63295
SG_005645,0.8353999999999999
SG_005650,0.5219916666666666
SG_005654,0.780375
SG_005655,0.06283333333333332
SG_005656,0.5344916666666666
SG_005661,0.9911666666666666
SG_005664,0.16967499999999996
SG_005666,0.9165916666666667
SG_005671,0.27618333333333334
SG_005681,0.23314999999999997
SG_005683,0.9129249999999999
SG_005687,0.13484166666666664
SG_005688,0.4423416666666667
SG_005691,0.5301583333333333
SG_005692,0.9036249999999999
SG_005693,0.26041666666666663
SG_005694,0.7980916666666666
SG_005696,0.36449166666666666
SG_005703,0.623575
SG_005704,0.36569166666666664
SG_005706,0.8193499999999999
SG_005707,0.36898333333333333
SG_005713,0.6763999999999999
SG_005715,0.0266
SG_005719,0.3478833333333333
SG_005722,0.126525
SG_005724,0.7167999999999999
SG_005725,0.29974999999999996
SG_005726,0.27102499999999996
SG_005730,0.9143749999999999
SG_005735,0.49692499999999995
SG_005736,0.7769916666666665
SG_005740,0.38282499999999997
SG_005748,0.6592416666666667
SG_005750,0.18772499999999998
SG_005753,0.7725916666666667
SG_005758,0.12606666666666666
SG_005759,0.23740833333333333
SG_005764,0.025324999999999997
SG_005765,0.05575833333333333
SG_005772,0.6825333333333333
SG_005773,0.007541666666666666
SG_005776,0.5285916666666667
SG_005778,0.70685
SG_005784,0.12929166666666667
SG_005786,0.18196666666666664
SG_005789,0.43273333333333336
SG_005794,0.4971916666666666
SG_005796,0.5273333333333333
SG_005801,0.5051083333333333
SG_005807,0.16768333333333332
SG_005809,0.5303083333333333
SG_005811,0.3313666666666667
SG_005813,0.15361666666666665
SG_005814,0.7608916666666666
SG_005817,0.35729999999999995
SG_005818,0.7802833333333333
SG_005820,0.28815
SG_005821,0.22119166666666668
SG_005824,0.5813666666666666
SG_005825,0.5061
SG_005827,0.3146583333333333
SG_005828,0.5727
SG_005830,0.56355
SG_005838,0.8303416666666666
SG_005840,0.9257083333333332
SG_005842,0.40323333333333333
SG_005846,0.5303249999999999
SG_005847,0.19045833333333334
SG_005848,0.38300833333333334
SG_005857,0.8818166666666667
SG_005861,0.20998333333333333
SG_005862,0.6751666666666667
SG_005871,0.22674166666666667
SG_005872,0.9753583333333333
SG_005873,0.20599166666666666
SG_005874,0.38368333333333327
SG_005875,0.6347333333333334
SG_005877,0.07931666666666667
SG_005880,0.38205833333333333
SG_005884,0.14863333333333334
SG_005892,0.9642666666666666
SG_005894,0.4728916666666666
SG_005898,0.7862666666666667
SG_005899,0.29971666666666663
SG_005905,0.6463333333333333
SG_005909,0.40093333333333336
SG_005910,0.7046333333333333
SG_005920,0.4126833333333333
SG_005921,0.33214166666666667
SG_005922,0.098075
SG_005925,0.3832
SG_005928,0.45200833333333335
SG_005932,0.035241666666666664
SG_005934,0.6442666666666665
SG_005935,0.2744583333333333
SG_005937,0.13842500000000002
SG_005939,0.11626666666666666
SG_005943,0.5574833333333333
SG_005951,0.26731666666666665
SG_005955,0.926075
SG_005959,0.8794833333333334
SG_005966,0.8119416666666667
SG_005967,0.9099166666666667
SG_005969,0.8611833333333333
SG_005976,0.9830333333333334
SG_005977,0.7075583333333333
SG_005979,0.86015
SG_005980,0.4152
SG_005985,0.7033666666666666
SG_005986,0.708275
SG_005991,0.973125
SG_005999,0.10309166666666666
SG_006000,0.8167083333333334
SG_006004,0.8753833333333332
SG_006009,0.8452999999999999
SG_006012,0.16332499999999997
SG_006013,0.6474083333333334
SG_006022,0.4094
SG_006023,0.8212916666666665
SG_006026,0.3549083333333333
SG_006028,0.5282416666666666
SG_006029,0.508925
SG_006033,0.56285
SG_006035,0.582075
SG_006036,0.6514666666666666
SG_006038,0.4502666666666666
SG_006039,0.7672666666666665
SG_006041,0.6329583333333333
SG_006047,0.6587833333333333
SG_006049,0.20796666666666666
SG_006050,0.9200916666666665
SG_006054,0.04785833333333333
SG_006063,0.44875833333333326
SG_006067,0.8456666666666666
SG_006069,0.7315333333333334
SG_006073,0.20004999999999998
SG_006074,0.5488333333333333
SG_006075,0.22662499999999997
SG_006076,0.43669166666666664
SG_006077,0.7778833333333333
SG_006079,0.6247833333333332
SG_006081,0.074225
SG_006086,0.4717583333333333
SG_006092,0.4109583333333333
SG_006095,0.5364666666666666
SG_006097,0.8913583333333333
SG_006099,0.7096083333333333
SG_006101,0.2733083333333333
SG_006112,0.7169416666666666
SG_006122,0.3382583333333333
SG_006127,0.6072166666666666
SG_006131,0.14245833333333333
SG_006133,0.25079166666666663
SG_006136,0.32144999999999996
SG_006137,0.8559083333333333
SG_006140,0.7168166666666667
SG_006143,0.31411666666666666
SG_006148,0.16310833333333333
SG_006150,0.8834083333333334
SG_006151,0.7473666666666666
SG_006154,0.20896666666666663
SG_006161,0.28708333333333336
SG_006163,0.8033666666666666
SG_006169,0.8499749999999999
SG_006170,0.308125
SG_006179,0.8563749999999999
SG_006181,0.16709166666666667
SG_006184,0.037941666666666665
SG_006187,0.24329166666666663
SG_006189,0.33749166666666663
SG_006197,0.07954999999999998
SG_006202,0.022674999999999997
SG_006206,0.5538666666666666
SG_006212,0.5272083333333333
SG_006213,0.7145083333333333
SG_006218,0.2647583333333333
SG_006222,0.28526666666666667
SG_006224,0.1885083333333333
SG_006225,0.9789999999999999
SG_006226,0.38730833333333325
SG_006229,0.38660833333333333
SG_006237,0.9819
SG_006238,0.285225
SG_006240,0.04769999999999999
SG_006241,0.015208333333333332
SG_006242,0.73505
SG_006244,0.8435999999999999
SG_006245,0.10685833333333333
SG_006247,0.8892333333333333
SG_006250,0.5196
SG_006251,0.39759999999999995
SG_006252,0.45774166666666666
SG_006254,0.9080083333333333
SG_006256,0.8509083333333334
SG_006260,0.06650833333333334
SG_006262,0.4423083333333333
SG_006263,0.5842083333333332
SG_006264,0.06473333333333334
SG_006266,0.8524499999999999
SG_006269,0.8600583333333334
SG_006275,0.948875
SG_006277,0.41785833333333333
SG_006283,0.4948916666666666
SG_006284,0.2226083333333333
SG_006287,0.5610333333333333
SG_006288,0.18168333333333334
SG_006300,0.25458333333333333
SG_006301,0.052366666666666666
SG_006304,0.8328666666666666
SG_006306,0.588225
SG_006313,0.4618666666666666
SG_006315,0.19344166666666665
SG_006317,0.55355
SG_006320,0.4505416666666666
SG_006322,0.9124166666666667
SG_006326,0.20788333333333334
SG_006328,0.9751999999999998
SG_006331,0.2763833333333333
SG_006337,0.5823583333333333
SG_006340,0.6247166666666667
SG_006345,0.9061583333333333
SG_006348,0.07415833333333334
SG_006349,0.21375
SG_006356,0.451125
SG_006357,0.29285
SG_006358,0.5372
SG_006360,0.975125
SG_006371,0.3856583333333333
SG_006373,0.48120833333333335
SG_006380,0.8173083333333333
SG_006382,0.2654333333333333
SG_006388,0.04495
SG_006393,0.652725
SG_006394,0.05853333333333333
SG_006396,0.25506666666666666
SG_006398,0.6198166666666667
SG_006400,0.7259749999999999
SG_006403,0.05885
SG_006404,0.09903333333333333
SG_006411,0.5260666666666667
SG_006417,0.4789833333333333
SG_006418,0.8788499999999999
SG_006420,0.27376666666666666
SG_006421,0.2111583333333333
SG_006423,0.6812916666666666
SG_006424,0.648525
SG_006429,0.7925666666666668
SG_006435,0.253225
SG_006438,0.725725
SG_006439,0.9235333333333332
SG_006441,0.5719
SG_006445,0.4798
SG_006446,0.6611833333333332
SG_006448,0.4664833333333333
SG_006451,0.3930583333333333
SG_006452,0.4572666666666666
SG_006455,0.54065
SG_006463,0.9177416666666667
SG_006467,0.43700833333333333
SG_006469,0.20168333333333333
SG_006470,0.7412749999999999
SG_006477,0.8521416666666666
SG_006480,0.8169333333333333
SG_006486,0.8214833333333333
SG_006487,0.3062583333333333
SG_006488,0.9251999999999999
SG_006490,0.5265833333333333
SG_006491,0.761275
SG_006493,0.819425
SG_006494,0.4824583333333333
SG_006496,0.25839166666666663
SG_006497,0.48453333333333326
SG_006498,0.9431749999999999
SG_006500,0.7111333333333333
SG_006502,0.19119166666666668
SG_006503,0.3415083333333333
SG_006505,0.30235833333333334
SG_006506,0.39576666666666666
SG_006507,0.5276
SG_006512,0.651825
SG_006516,0.17923333333333333
SG_006520,0.19885
SG_006522,0.7842833333333332
SG_006528,0.956275
SG_006534,0.7217916666666666
SG_006535,0.883275
SG_006536,0.47845
SG_006537,0.20860833333333334
SG_006539,0.8265166666666666
SG_006541,0.18276666666666666
SG_006543,0.7809083333333333
SG_006545,0.7834083333333332
SG_006548,0.42994166666666667
SG_006550,0.01955833333333333
SG_006551,0.019283333333333333
SG_006557,0.4319
SG_006560,0.19315833333333332
SG_006564,0.9450333333333334
SG_006566,0.6241166666666667
SG_006567,0.9032083333333334
SG_006577,0.64595
SG_006579,0.053816666666666665
SG_006581,0.05585
SG_006588,0.4601166666666666
SG_006592,0.5065999999999999
SG_006597,0.10993333333333333
SG_006601,0.4678
SG_006607,0.0385
SG_006608,0.188125
SG_006610,0.061749999999999985
SG_006615,0.86025
SG_006616,0.4359666666666666
SG_006620,0.37030833333333335
SG_006622,0.45330833333333337
SG_006623,0.53475
SG_006624,0.3203083333333333
SG_006626,0.8471166666666666
SG_006627,0.8371249999999999
SG_006633,0.192525
SG_006637,0.5251916666666666
SG_006638,0.920175
SG_006639,0.8210916666666666
SG_006644,0.6195999999999999
SG_006645,0.7358499999999999
SG_006651,0.5894499999999999
SG_006659,0.3618416666666666
SG_006664,0.24496666666666667
SG_006668,0.33457499999999996
SG_006673,0.31484999999999996
SG_006687,0.2762833333333333
SG_006688,0.516425
SG_006690,0.5188416666666666
SG_006693,0.606475
SG_006698,0.016891666666666666
SG_006700,0.604225
SG_006706,0.18976666666666667
SG_006710,0.10180833333333332
SG_006713,0.5058583333333333
SG_006716,0.4107916666666666
SG_006728,0.3117833333333333
SG_006734,0.9372416666666665
SG_006736,0.9541083333333333
SG_006744,0.5157833333333334
SG_006745,0.31206666666666666
SG_006749,0.17579166666666668
SG_006758,0.24561666666666665
SG_006760,0.4251499999999999
SG_006765,0.7478916666666666
SG_006766,0.586
SG_006769,0.7559416666666667
SG_006778,0.22144166666666668
SG_006780,0.4967833333333333
SG_006781,0.14768333333333333
SG_006786,0.682475
SG_006789,0.21057499999999998
SG_006792,0.20995833333333333
SG_006793,0.18719166666666665
SG_006800,0.9264666666666665
SG_006802,0.5966916666666666
SG_006808,0.71105
SG_006820,0.13504166666666664
SG_006833,0.26581666666666665
SG_006835,0.410425
SG_006837,0.20208333333333334
SG_006841,0.8295250000000001
SG_006847,0.273875
SG_006848,0.06589166666666667
SG_006851,0.3955666666666666
SG_006852,0.6088416666666666
SG_006860,0.16741666666666666
SG_006861,0.4116833333333333
SG_006863,0.14895
SG_006866,0.5423666666666667
SG_006868,0.5620833333333333
SG_006874,0.04189166666666667
SG_006877,0.09630833333333333
SG_006879,0.31704166666666667
SG_006880,0.46438333333333337
SG_006881,0.8387333333333333
SG_006889,0.07210833333333333
SG_006890,0.7460249999999999
SG_006897,0.9312416666666666
SG_006901,0.5869583333333332
SG_006908,0.32814999999999994
SG_006910,0.45497499999999996
SG_006914,0.9710583333333334
SG_006918,0.7746333333333333
SG_006924,0.16384166666666666
SG_006925,0.8286083333333334
SG_006927,0.1989083333333333
SG_006929,0.1492083333333333
SG_006937,0.647775
SG_006938,0.5566916666666666
SG_006940,0.5948083333333333
SG_006942,0.09951666666666667
SG_006945,0.11626666666666666
SG_006949,0.4888166666666667
SG_006950,0.7814666666666666
SG_006951,0.32447499999999996
SG_006953,0.10400000000000001
SG_006954,0.758775
SG_006956,0.9750833333333333
SG_006957,0.5101333333333333
SG_006962,0.5672999999999999
SG_006963,0.33839166666666665
SG_006964,0.060708333333333336
SG_006966,0.11463333333333332
SG_006970,0.4467083333333333
SG_006971,0.8404416666666666
SG_006972,0.5197583333333333
SG_006974,0.9585916666666666
SG_006977,0.156725
SG_006978,0.4382083333333333
SG_006981,0.5645333333333333
SG_006982,0.8592833333333333
SG_006983,0.004791666666666666
SG_006984,0.28296666666666664
SG_006987,0.5945666666666667
SG_006994,0.5614583333333333
SG_006997,0.02408333333333333
SG_007002,0.6043749999999999
SG_007005,0.4706416666666666
SG_007009,0.45376666666666665
SG_007011,0.217225
SG_007017,0.12836666666666666
SG_007018,0.04190833333333333
SG_007019,0.1739
SG_007029,0.74365
SG_007030,0.23944166666666666
SG_007033,0.6005333333333334
SG_007040,0.2735666666666666
SG_007047,0.6805083333333333
SG_007054,0.05869166666666666
SG_007055,0.9487916666666667
SG_007056,0.6431416666666666
SG_007061,0.5739333333333333
SG_007062,0.09319166666666667
SG_007067,0.609675
SG_007068,0.38635833333333336
SG_007069,0.9371916666666666
SG_007073,0.105725
SG_007075,0.41225833333333334
SG_007076,0.5425416666666666
SG_007078,0.9728666666666667
SG_007080,0.6487583333333332
SG_007091,0.48259166666666664
SG_007095,0.3603333333333333
SG_007100,0.4303
SG_007104,0.3442166666666666
SG_007112,0.5810833333333334
SG_007114,0.9557749999999999
SG_007127,0.351425
SG_007130,0.13845
SG_007133,0.7013916666666667
SG_007136,0.3448083333333333
SG_007138,0.98015
SG_007139,0.19084166666666663
SG_007143,0.5617833333333333
SG_007146,0.6233916666666666
SG_007150,0.2629083333333333
SG_007155,0.2826666666666667
SG_007157,0.713325
SG_007160,0.6734916666666666
SG_007162,0.16903333333333334
SG_007163,0.8433666666666666
SG_007166,0.80655
SG_007168,0.19589999999999996
SG_007170,0.020225
SG_007179,0.4169666666666666
SG_007181,0.31021666666666664
SG_007183,0.31876666666666664
SG_007186,0.258725
SG_007202,0.15105
SG_007203,0.7477583333333333
SG_007204,0.13186666666666666
SG_007205,0.9343999999999999
SG_007210,0.901175
SG_007212,0.38814166666666666
SG_007215,0.0262
SG_007218,0.6117333333333332
SG_007226,0.25369166666666665
SG_007229,0.6523333333333332
SG_007231,0.8238333333333333
SG_007234,0.219225
SG_007237,0.7655
SG_007239,0.07444999999999999
SG_007240,0.5287333333333333
SG_007249,0.8235416666666666
SG_007252,0.08033333333333333
SG_007255,0.24333333333333335
SG_007256,0.22172499999999998
SG_007257,0.807175
SG_007263,0.8514416666666667
SG_007264,0.28284166666666666
SG_007265,0.4491583333333333
SG_007268,0.42990000000000006
SG_007271,0.6579833333333334
SG_007275,0.735575
SG_007280,0.5713833333333334
SG_007281,0.8244916666666666
SG_007282,0.10889166666666666
SG_007283,0.22231666666666666
SG_007287,0.48139999999999994
SG_007288,0.46925833333333333
SG_007301,0.8352583333333333
SG_007307,0.1477
SG_007310,0.3998
SG_007312,0.6820166666666666
SG_007314,0.7618
SG_007319,0.5271583333333333
SG_007326,0.10760833333333333
SG_007331,0.65175
SG_007333,0.6470833333333333
SG_007334,0.7086583333333333
SG_007338,0.05398333333333332
SG_007340,0.9786499999999998
SG_007345,0.045283333333333335
SG_007349,0.6110333333333333
SG_007356,0.13816666666666666
SG_007358,0.049916666666666665
SG_007368,0.6142583333333334
SG_007370,0.43804166666666666
SG_007371,0.5003
SG_007372,0.322825
SG_007375,0.224275
SG_007378,0.5976833333333333
SG_007379,0.2577583333333333
SG_007380,0.6918583333333332
SG_007383,0.3985666666666666
SG_007384,0.7597666666666667
SG_007389,0.25095833333333334
SG_007390,0.3435416666666667
SG_007401,0.9763916666666665
SG_007403,0.7341249999999999
SG_007406,0.321075
SG_007409,0.9448166666666666
SG_007410,0.8472833333333334
SG_007413,0.6700166666666666
SG_007416,0.5498333333333333
SG_007419,0.8780833333333333
SG_007420,0.7924333333333333
SG_007423,0.7920333333333334
SG_007424,0.9874916666666665
SG_007428,0.8937249999999999
SG_007433,0.7799333333333333
SG_007434,0.006858333333333333
SG_007437,0.3338333333333333
SG_007441,0.8150666666666666
SG_007443,0.5677333333333333
SG_007450,0.016425000000000002
SG_007452,0.9208083333333333
SG_007455,0.6762916666666667
SG_007462,0.7184666666666666
SG_007464,0.877925
SG_007466,0.3818666666666667
SG_007469,0.1854833333333333
SG_007470,0.9951833333333333
SG_007472,0.18395
SG_007476,0.5733916666666666
SG_007486,0.8967333333333333
SG_007489,0.6859833333333333
SG_007490,0.18772499999999998
SG_007495,0.9679500000000001
SG_007499,0.9374
SG_007506,0.22194166666666665
SG_007508,0.10249166666666666
SG_007509,0.12555833333333333
SG_007517,0.5182666666666667
SG_007518,0.8139749999999999
SG_007522,0.9658916666666667
SG_007524,0.46152499999999996
SG_007527,0.23074999999999998
SG_007535,0.08183333333333334
SG_007540,0.6583999999999999
SG_007546,0.45028749999999995
SG_007552,0.32091666666666663
SG_007553,0.8506499999999999
SG_007557,0.8031333333333334
SG_007558,0.8438916666666667
SG_007560,0.6954916666666666
SG_007568,0.02368333333333333
SG_007571,0.8996499999999998
SG_007573,0.2381333333333333
SG_007577,0.23604166666666665
SG_007578,0.4692666666666666
SG_007579,0.009916666666666667
SG_007582,0.6087333333333333
SG_007586,0.140225
SG_007587,0.7657666666666666
SG_007589,0.7784083333333334
SG_007591,0.21481666666666666
SG_007595,0.3424833333333333
SG_007597,0.7262083333333333
SG_007599,0.13741666666666666
SG_007602,0.4437166666666666
SG_007605,0.24689999999999998
SG_007609,0.13774999999999998
SG_007614,0.7281333333333333
SG_007620,0.34579999999999994
SG_007628,0.9278083333333333
SG_007630,0.4021166666666666
SG_007646,0.58245
SG_007648,0.07264999999999999
SG_007654,0.5884833333333332
SG_007655,0.7955083333333333
SG_007656,0.9516249999999999
SG_007657,0.8651749999999999
SG_007658,0.6368833333333334
SG_007659,0.686225
SG_007660,0.4905666666666666
SG_007663,0.20673333333333332
SG_007665,0.9317666666666666
SG_007667,0.331175
SG_007670,0.34625833333333333
SG_007678,0.3585
SG_007679,0.8472916666666666
SG_007681,0.08786666666666666
SG_007685,0.5577666666666666
SG_007686,0.8713416666666667
SG_007687,0.3946916666666666
SG_007688,0.10682499999999999
SG_007691,0.42165833333333336
SG_007696,0.16484166666666666
SG_007698,0.4993666666666666
SG_007700,0.812925
SG_007703,0.05346666666666666
SG_007704,0.16507499999999997
SG_007706,0.869125
SG_007711,0.24448333333333333
SG_007712,0.8308083333333334
SG_007714,0.2739583333333333
SG_007717,0.20059999999999997
SG_007719,0.6246499999999999
SG_007720,0.16846666666666665
SG_007721,0.20939999999999998
SG_007728,0.5277083333333332
SG_007737,0.8810416666666666
SG_007741,0.2793083333333333
SG_007742,0.11975833333333333
SG_007744,0.48548333333333327
SG_007746,0.7954749999999999
SG_007748,0.13311666666666663
SG_007750,0.32808333333333334
SG_007751,0.133125
SG_007752,0.08605
SG_007758,0.5329333333333333
SG_007760,0.29966666666666664
SG_007762,0.7816416666666667
SG_007770,0.3443333333333333
SG_007772,0.41160833333333335
SG_007776,0.17515833333333333
SG_007780,0.7932999999999999
SG_007781,0.29322499999999996
SG_007782,0.3914916666666666
SG_007787,0.6798166666666666
SG_007800,0.8804666666666667
SG_007801,0.875925
SG_007804,0.07973333333333332
SG_007805,0.754375
SG_007807,0.30569166666666664
SG_007808,0.941525
SG_007813,0.268225
SG_007815,0.3857
SG_007817,0.35505
SG_007818,0.7242416666666667
SG_007820,0.47434166666666666
SG_007822,0.17592499999999997
SG_007823,0.25056666666666666
SG_007824,0.33305833333333335
SG_007834,0.3544833333333334
SG_007836,0.315175
SG_007839,0.5412083333333333
SG_007842,0.047
SG_007844,0.38500833333333334
SG_007846,0.4665666666666667
SG_007849,0.12785
SG_007858,0.7351666666666666
SG_007864,0.9405749999999999
SG_007866,0.5089583333333333
SG_007875,0.6335
SG_007876,0.7043416666666666
SG_007880,0.565225
SG_007884,0.37207499999999993
SG_007889,0.7445916666666665
SG_007892,0.2849
SG_007897,0.39485833333333337
SG_007898,0.19815
SG_007899,0.4529333333333333
SG_007901,0.6052166666666667
SG_007908,0.8471333333333333
SG_007910,0.42516666666666664
SG_007922,0.34758333333333336
SG_007923,0.18532500000000002
SG_007926,0.9365083333333333
SG_007931,0.7555499999999999
SG_007933,0.5442083333333333
SG_007939,0.5848916666666666
SG_007940,0.24775833333333333
SG_007946,0.5469833333333334
SG_007947,0.8508249999999999
SG_007948,0.5970916666666667
SG_007954,0.036125000000000004
SG_007957,0.2800333333333333
SG_007960,0.8868083333333334
SG_007964,0.17901666666666666
SG_007965,0.33402499999999996
SG_007980,0.9615666666666667
SG_007985,0.5426916666666666
SG_007992,0.15089166666666665
SG_007996,0.6913499999999999
SG_007998,0.419475
SG_007999,0.19476666666666664
SG_008014,0.6830416666666667
SG_008015,0.1973333333333333
SG_008020,0.29951666666666665
SG_008026,0.5617583333333332
SG_008033,0.2873833333333333
SG_008043,0.20814999999999997
SG_008050,0.28109166666666663
SG_008055,0.3520916666666667
SG_008056,0.9164166666666667
SG_008058,0.5077083333333333
SG_008067,0.31904999999999994
SG_008074,0.7654333333333333
SG_008076,0.7354333333333333
SG_008081,0.7541166666666667
SG_008091,0.38605
SG_008099,0.75875
SG_008100,0.45949166666666663
SG_008101,0.297025
SG_008104,0.9223416666666666
SG_008115,0.5239833333333332
SG_008117,0.21889166666666665
SG_008118,0.46421666666666667
SG_008127,0.21744166666666667
SG_008131,0.5049166666666666
SG_008133,0.432975
SG_008137,0.7983
SG_008140,0.761525
SG_008141,0.48258333333333336
SG_008145,0.12136666666666666
SG_008152,0.28879166666666667
SG_008156,0.9865583333333332
SG_008160,0.6037916666666666
SG_008164,0.8249000000000001
SG_008167,0.7636083333333332
SG_008175,0.10814166666666666
SG_008176,0.6534249999999999
SG_008183,0.8934500000000001
SG_008188,0.7150416666666666
SG_008191,0.10904166666666666
SG_008192,0.5016166666666667
SG_008193,0.20789166666666667
SG_008195,0.6799166666666666
SG_008202,0.8155916666666667
SG_008213,0.5537749999999999
SG_008217,0.9130416666666665
SG_008224,0.26636666666666664
SG_008228,0.5069666666666667
SG_008229,0.518075
SG_008237,0.34531666666666666
SG_008242,0.0324
SG_008246,0.5459499999999999
SG_008248,0.12505833333333333
SG_008249,0.9058583333333332
SG_008253,0.27289166666666664
SG_008257,0.8894166666666665
SG_008261,0.8142583333333333
SG_008264,0.47786666666666666
SG_008265,0.7651
SG_008281,0.5654999999999999
SG_008283,0.1283
SG_008287,0.029966666666666662
SG_008291,0.8304499999999999
SG_008293,0.6790916666666665
SG_008294,0.35405
SG_008296,0.3452916666666666
SG_008298,0.7347
SG_008309,0.4619583333333333
SG_008310,0.5572916666666666
SG_008312,0.42291666666666666
SG_008316,0.718425
SG_008317,0.13540833333333332
SG_008318,0.42432499999999995
SG_008327,0.41423333333333334
SG_008330,0.7948666666666665
SG_008333,0.02328333333333333
SG_008336,0.4252583333333333
SG_008345,0.2642
SG_008347,0.2733083333333333
SG_008355,0.9844499999999998
SG_008358,0.5657083333333333
SG_008359,0.8520083333333333
SG_008360,0.26086666666666664
SG_008361,0.17483333333333334
SG_008362,0.7424416666666667
SG_008365,0.30140833333333333
SG_008366,0.9449166666666666
SG_008375,0.41204166666666664
SG_008376,0.4691333333333333
SG_008382,0.047141666666666665
SG_008383,0.5235916666666667
SG_008388,0.7402416666666667
SG_008389,0.9171083333333333
SG_008392,0.6195583333333333
SG_008396,0.29784166666666667
SG_008402,0.3644
SG_008410,0.17456666666666665
SG_008413,0.9462416666666664
SG_008417,0.8263916666666666
SG_008420,0.8421166666666666
SG_008422,0.7024999999999999
SG_008435,0.6260583333333333
SG_008440,0.032516666666666666
SG_008441,0.689025
SG_008442,0.132775
SG_008443,0.07806666666666667
SG_008444,0.5287499999999999
SG_008449,0.5626416666666667
SG_008452,0.8524666666666666
SG_008457,0.6075333333333333
SG_008459,0.9330333333333332
SG_008462,0.19144999999999998
SG_008467,0.4288666666666666
SG_008468,0.21480833333333332
SG_008478,0.1415
SG_008482,0.7489166666666666
SG_008484,0.9617666666666665
SG_008485,0.5003333333333333
SG_008494,0.21544166666666664
SG_008497,0.19167499999999998
SG_008498,0.6656166666666666
SG_008500,0.7680916666666666
SG_008501,0.7320333333333332
SG_008504,0.6363083333333333
SG_008506,0.973125
SG_008512,0.6221083333333334
SG_008514,0.9278916666666666
SG_008517,0.602
SG_008522,0.5516166666666666
SG_008527,0.44037499999999996
SG_008529,0.6882583333333333
SG_008531,0.123275
SG_008534,0.9779666666666667
SG_008535,0.06595
SG_008536,0.24066666666666664
SG_008538,0.4753333333333333
SG_008541,0.1257083333333333
SG_008542,0.4570916666666667
SG_008545,0.9911166666666665
SG_008547,0.7194499999999999
SG_008549,0.47675
SG_008550,0.06499166666666666
SG_008551,0.781825
SG_008553,0.28685
SG_008555,0.1945833333333333
SG_008557,0.7710166666666667
SG_008561,0.10127499999999999
SG_008564,0.40970833333333334
SG_008565,0.9315833333333332
SG_008568,0.5621
SG_008569,0.29254166666666664
SG_008570,0.8224999999999999
SG_008572,0.48359166666666664
SG_008574,0.8393999999999999
SG_008575,0.4045916666666667
SG_008576,0.014966666666666666
SG_008577,0.8996333333333334
SG_008580,0.2587833333333333
SG_008586,0.35699166666666665
SG_008594,0.7211916666666666
SG_008598,0.30180833333333335
SG_008600,0.72465
SG_008614,0.6737583333333333
SG_008615,0.8730166666666666
SG_008617,0.45748333333333335
SG_008624,0.570025
SG_008630,0.8534416666666667
SG_008635,0.2881916666666666
SG_008636,0.054275
SG_008639,0.7918000000000001
SG_008645,0.16771666666666665
SG_008646,0.5745
SG_008650,0.8812833333333332
SG_008653,0.8325416666666667
SG_008669,0.6995416666666666
SG_008671,0.7125333333333332
SG_008689,0.8402249999999999
SG_008691,0.6295499999999999
SG_008693,0.8837666666666666
SG_008708,0.511425
SG_008714,0.7861083333333332
SG_008726,0.19880833333333334
SG_008727,0.8883666666666665
SG_008729,0.1635083333333333
SG_008734,0.7770666666666666
SG_008735,0.227325
SG_008737,0.9492083333333332
SG_008739,0.16755
SG_008745,0.8744583333333333
SG_008749,0.11939166666666666
SG_008755,0.41146666666666665
SG_008759,0.14080833333333334
SG_008766,0.16646666666666665
SG_008769,0.3725583333333333
SG_008770,0.18050833333333333
SG_008771,0.21344166666666664
SG_008773,0.91475
SG_008774,0.497425
SG_008776,0.5600916666666667
SG_008777,0.724525
SG_008780,0.9156749999999999
SG_008782,0.7397833333333332
SG_008784,0.37850833333333334
SG_008785,0.6780249999999999
SG_008787,0.27408333333333335
SG_008789,0.86585
SG_008793,0.5348583333333333
SG_008798,0.41201666666666664
SG_008810,0.6293
SG_008816,0.8812749999999999
SG_008823,0.8886333333333332
SG_008824,0.6912999999999999
SG_008825,0.8323749999999999
SG_008828,0.8298083333333333
SG_008836,0.561175
SG_008839,0.24794166666666664
SG_008840,0.30915
SG_008841,0.26510833333333333
SG_008843,0.6610083333333333
SG_008844,0.703625
SG_008845,0.8959666666666666
SG_008849,0.41901666666666665
SG_008850,0.5353749999999999
SG_008853,0.36104166666666665
SG_008855,0.18049166666666666
SG_008859,0.4840416666666667
SG_008862,0.8928666666666666
SG_008864,0.29186666666666666
SG_008865,0.15131666666666665
SG_008866,0.09530833333333333
SG_008867,0.9756416666666665
SG_008869,0.9242666666666668
SG_008876,0.9128000000000001
SG_008881,0.5671833333333334
SG_008883,0.43899166666666667
SG_008888,0.005683333333333334
SG_008889,0.938375
SG_008895,0.9551833333333333
SG_008897,0.5148666666666666
SG_008901,0.17445833333333333
SG_008905,0.09294166666666667
SG_008907,0.18174166666666666
SG_008908,0.07776666666666666
SG_008910,0.2790166666666667
SG_008913,0.8014916666666667
SG_008914,0.14144166666666666
SG_008917,0.17153333333333332
SG_008919,0.10820833333333332
SG_008920,0.8720416666666666
SG_008925,0.6638999999999999
SG_008926,0.600125
SG_008927,0.6110666666666666
SG_008930,0.583125
SG_008932,0.090325
SG_008934,0.990725
SG_008937,0.09844166666666665
SG_008940,0.5732333333333333
SG_008943,0.18981666666666666
SG_008947,0.058991666666666664
SG_008955,0.8116333333333333
SG_008960,0.92675
SG_008962,0.11555833333333332
SG_008964,0.6438916666666666
SG_008965,0.15521666666666667
SG_008966,0.3500083333333333
SG_008971,0.16085833333333333
SG_008972,0.2313333333333333
SG_008976,0.7386833333333334
SG_008978,0.03655833333333333
SG_008983,0.45876666666666666
SG_008989,0.9367166666666666
SG_008990,0.4174333333333333
SG_008994,0.8762666666666666
SG_008996,0.6637916666666667
SG_008998,0.40891666666666665
SG_008999,0.06631666666666666
SG_009001,0.795475
SG_009005,0.29755
SG_009006,0.3263166666666667
SG_009011,0.590125
SG_009017,0.42380833333333334
SG_009018,0.599675
SG_009032,0.12034166666666667
SG_009034,0.13024999999999998
SG_009043,0.9617583333333332
SG_009047,0.13101666666666667
SG_009048,0.19103333333333336
SG_009053,0.17513333333333334
SG_009055,0.18774166666666667
SG_009058,0.08428333333333332
SG_009063,0.8087916666666666
SG_009064,0.9896833333333334
SG_009065,0.8168249999999999
SG_009069,0.7661833333333333
SG_009070,0.6755333333333333
SG_009072,0.5242333333333333
SG_009075,0.22221666666666667
SG_009079,0.092575
SG_009080,0.8790583333333332
SG_009081,0.255275
SG_009083,0.33918333333333334
SG_009085,0.3006333333333333
SG_009091,0.5405
SG_009093,0.44071666666666665
SG_009100,0.016916666666666667
SG_009109,0.692
SG_009115,0.21375833333333333
SG_009119,0.4930333333333333
SG_009120,0.8925416666666666
SG_009123,0.6184416666666666
SG_009124,0.24309999999999998
SG_009127,0.06363333333333333
SG_009128,0.11538333333333334
SG_009135,0.6165499999999999
SG_009136,0.7269916666666667
SG_009139,0.13226666666666667
SG_009146,0.9438166666666666
SG_009147,0.6983666666666666
SG_009149,0.29719166666666663
SG_009150,0.8865833333333333
SG_009152,0.8883416666666666
SG_009153,0.30448333333333333
SG_009159,0.48987499999999995
SG_009168,0.44967500000000005
SG_009169,0.8489
SG_009170,0.7055166666666666
SG_009172,0.2025
SG_009176,0.3394333333333333
SG_009179,0.3643083333333333
SG_009183,0.5733833333333334
SG_009193,0.5819833333333333
SG_009196,0.8439000000000001
SG_009199,0.440125
SG_009202,0.45300833333333335
SG_009203,0.2503833333333333
SG_009204,0.1457
SG_009206,0.12986666666666666
SG_009207,0.8659250000000001
SG_009209,0.3005916666666667
SG_009210,0.5770000000000001
SG_009214,0.8063333333333333
SG_009220,0.3805666666666666
SG_009223,0.071875
SG_009224,0.7176083333333334
SG_009225,0.27697499999999997
SG_009226,0.9567333333333333
SG_009229,0.502175
SG_009230,0.8212333333333333
SG_009236,0.8498916666666667
SG_009242,0.43337499999999995
SG_009246,0.8458749999999999
SG_009250,0.5889833333333333
SG_009253,0.7333749999999999
SG_009266,0.9514416666666666
SG_009268,0.36405
SG_009272,0.89175
SG_009273,0.11134166666666667
SG_009274,0.5753583333333333
SG_009277,0.8162083333333332
SG_009278,0.5353583333333333
SG_009279,0.3506333333333333
SG_009280,0.298475
SG_009281,0.2702
SG_009289,0.8817833333333334
SG_009290,0.8515916666666666
SG_009299,0.22142499999999998
SG_009300,0.5793333333333333
SG_009305,0.03135
SG_009307,0.7269833333333333
SG_009319,0.03268333333333333
SG_009328,0.117675
SG_009333,0.30650833333333327
SG_009335,0.19584166666666664
SG_009341,0.6647333333333333
SG_009347,0.6494499999999999
SG_009354,0.832925
SG_009355,0.938025
SG_009357,0.5737166666666667
SG_009362,0.6528083333333332
SG_009363,0.9588666666666666
SG_009365,0.164175
SG_009366,0.9237083333333334
SG_009367,0.44665833333333327
SG_009370,0.6491333333333333
SG_009386,0.3155
SG_009392,0.15113333333333334
SG_009398,0.279275
SG_009400,0.2620583333333333
SG_009402,0.5684
SG_009403,0.19263333333333335
SG_009404,0.19395833333333332
SG_009406,0.5463749999999999
SG_009407,0.6188833333333332
SG_009408,0.006966666666666666
SG_009409,0.12387499999999999
SG_009410,0.7944166666666665
SG_009411,0.4138666666666666
SG_009412,0.5605416666666666
SG_009413,0.5048666666666667
SG_009415,0.19963333333333333
SG_009417,0.564
SG_009419,0.6420916666666666
SG_009425,0.9372499999999999
SG_009426,0.7377499999999999
SG_009427,0.6702333333333333
SG_009429,0.12179166666666666
SG_009434,0.7567583333333333
SG_009438,0.23790833333333333
SG_009441,0.3923083333333333
SG_009442,0.22570833333333334
SG_009444,0.7887833333333333
SG_009445,0.8238749999999999
SG_009446,0.3395083333333333
SG_009447,0.29254166666666664
SG_009449,0.34415833333333334
SG_009455,0.09461666666666667
SG_009458,0.6407999999999999
SG_009461,0.9874583333333333
SG_009462,0.9545
SG_009466,0.21808333333333335
SG_009473,0.223175
SG_009478,0.851775
SG_009479,0.44685833333333325
SG_009481,0.47006666666666663
SG_009485,0.34835
SG_009490,0.7023833333333334
SG_009496,0.16636666666666666
SG_009500,0.30635
SG_009502,0.9933
SG_009504,0.7270166666666666
SG_009505,0.2957166666666666
SG_009516,0.4136416666666667
SG_009518,0.5483833333333333
SG_009519,0.7924416666666666
SG_009528,0.1607333333333333
SG_009529,0.58495
SG_009530,0.10516666666666666
SG_009533,0.4718916666666667
SG_009537,0.06938333333333332
SG_009539,0.11792499999999999
SG_009540,0.157425
SG_009541,0.6652166666666667
SG_009544,0.3043083333333333
SG_009556,0.268775
SG_009558,0.547125
SG_009566,0.19131666666666666
SG_009567,0.6215916666666665
SG_009569,0.09045833333333334
SG_009573,0.647775
SG_009577,0.15639999999999998
SG_009581,0.40140833333333337
SG_009582,0.36485
SG_009584,0.2727
SG_009585,0.4194833333333333
SG_009589,0.6222083333333333
SG_009592,0.06853333333333332
SG_009593,0.467975
SG_009602,0.037375
SG_009614,0.34744166666666665
SG_009616,0.9051666666666667
SG_009618,0.986375
SG_009619,0.2582833333333333
SG_009620,0.4283916666666666
SG_009622,0.185925
SG_009630,0.9433499999999999
SG_009632,0.24916666666666665
SG_009639,0.26121666666666665
SG_009649,0.7904083333333332
SG_009651,0.43233333333333335
SG_009661,0.5487249999999999
SG_009670,0.17804166666666665
SG_009671,0.7540999999999999
SG_009679,0.8421333333333334
SG_009681,0.5358833333333333
SG_009683,0.30894166666666667
SG_009687,0.8500083333333333
SG_009690,0.356725
SG_009691,0.7977166666666666
SG_009694,0.5308916666666665
SG_009696,0.9679916666666667
SG_009701,0.8404833333333334
SG_009702,0.4566
SG_009707,0.6504833333333333
SG_009716,0.2528083333333333
SG_009718,0.5930666666666666
SG_009727,0.2508083333333333
SG_009736,0.45271666666666666
SG_009741,0.37301666666666666
SG_009744,0.6672083333333333
SG_009746,0.6901249999999999
SG_009747,0.7364583333333332
SG_009751,0.29837499999999995
SG_009754,0.9288000000000001
SG_009757,0.23384999999999997
SG_009759,0.8079
SG_009760,0.358525
SG_009762,0.030116666666666667
SG_009763,0.43609166666666666
SG_009766,0.4900833333333333
SG_009776,0.8720916666666666
SG_009778,0.9840249999999999
SG_009780,0.8631833333333334
SG_009782,0.763075
SG_009783,0.019133333333333332
SG_009785,0.33955
SG_009786,0.872875
SG_009791,0.4364083333333333
SG_009794,0.22205833333333336
SG_009795,0.7999
SG_009799,0.57
SG_009800,0.9311499999999999
SG_009814,0.6803
SG_009819,0.09154166666666667
SG_009824,0.3193833333333333
SG_009825,0.7923333333333333
SG_009829,0.8914249999999999
SG_009834,0.6521833333333333
SG_009837,0.9739166666666667
SG_009838,0.6765666666666666
SG_009843,0.28417499999999996
SG_009845,0.4847166666666667
SG_009851,0.7912166666666666
SG_009855,0.9606583333333332
SG_009856,0.7760499999999999
SG_009862,0.26098333333333334
SG_009865,0.18954166666666666
SG_009867,0.5906416666666666
SG_009868,0.7888166666666666
SG_009869,0.1374083333333333
SG_009870,0.8049499999999999
SG_009875,0.26509999999999995
SG_009876,0.5453416666666666
SG_009877,0.6917166666666666
SG_009878,0.7580166666666667
SG_009880,0.8030666666666666
SG_009881,0.2715416666666666
SG_009895,0.8951666666666667
SG_009905,0.40275
SG_009909,0.25850833333333334
SG_009914,0.5009666666666666
SG_009916,0.6074
SG_009921,0.06418333333333333
SG_009923,0.740825
SG_009926,0.8131833333333334
SG_009929,0.9391999999999999
SG_009932,0.650725
SG_009933,0.252525
SG_009935,0.07019166666666665
SG_009936,0.4660333333333333
SG_009937,0.43876666666666664
SG_009941,0.22111666666666666
SG_009942,0.4034333333333333
SG_009953,0.6962333333333333
SG_009956,0.1613
SG_009959,0.24491666666666667
SG_009964,0.445125
SG_009972,0.9350166666666666
SG_009977,0.45309166666666667
SG_009979,0.7479666666666667
SG_009982,0.20228333333333332
SG_009985,0.745425
SG_009987,0.107325
SG_009989,0.7501749999999999
SG_009993,0.06486666666666667
SG_009997,0.7387833333333333
SG_009999,0.48105
SG_010002,0.8356666666666666
SG_010007,0.9376749999999998
SG_010008,0.3068166666666666
SG_010009,0.1835
SG_010010,0.6732499999999999
SG_010011,0.5926916666666667
SG_010012,0.2543416666666667
SG_010014,0.32690416666666666
SG_010015,0.6975833333333332
SG_010019,0.4126416666666666
SG_010020,0.22773333333333332
SG_010021,0.13829999999999998
SG_010024,0.4952
SG_010025,0.7119249999999999
SG_010034,0.1236
SG_010037,0.40409999999999996
SG_010038,0.284275
SG_010042,0.8871166666666667
SG_010045,0.5095166666666666
SG_010047,0.5658916666666667
SG_010048,0.7519583333333333
SG_010050,0.6337416666666665
SG_010052,0.47693333333333326
SG_010058,0.4443166666666666
SG_010061,0.8688833333333332
SG_010068,0.379375
SG_010069,0.12324166666666665
SG_010074,0.19477499999999998
SG_010078,0.38282499999999997
SG_010081,0.24386666666666662
SG_010084,0.3818083333333333
SG_010085,0.5919749999999999
SG_010086,0.966
SG_010088,0.6519166666666666
SG_010091,0.238375
SG_010092,0.8512500000000001
SG_010099,0.8175
SG_010101,0.3404333333333333
SG_010103,0.34419999999999995
SG_010104,0.7439833333333333
SG_010106,0.9425416666666666
SG_010109,0.10703333333333334
SG_010115,0.21524166666666666
SG_010116,0.7015916666666666
SG_010117,0.7061083333333333
SG_010123,0.9672166666666666
SG_010130,0.07843333333333333
SG_010132,0.061183333333333326
SG_010134,0.6561916666666665
SG_010142,0.962575
SG_010144,0.1530333333333333
SG_010146,0.4255083333333333
SG_010151,0.3730916666666667
SG_010153,0.9108166666666666
SG_010155,0.6943833333333332
SG_010157,0.6914416666666667
SG_010165,0.019833333333333335
SG_010166,0.6833416666666666
SG_010169,0.089075
SG_010170,0.61465
SG_010172,0.39269999999999994
SG_010173,0.5695749999999999
SG_010174,0.5631583333333332
SG_010175,0.554125
SG_010176,0.7963833333333332
SG_010182,0.18229166666666666
SG_010183,0.3304583333333333
SG_010184,0.3790083333333334
SG_010187,0.6261583333333333
SG_010195,0.24433333333333332
SG_010198,0.6934666666666667
SG_010199,0.370975
SG_010200,0.09305
SG_010204,0.8396666666666666
SG_010206,0.4936458333333333
SG_010208,0.40622499999999995
SG_010209,0.053825
SG_010210,0.5526083333333334
SG_010213,0.37024999999999997
SG_010217,0.65765
SG_010226,0.9082916666666666
SG_010227,0.3973833333333333
SG_010234,0.299975
SG_010235,0.27995
SG_010238,0.8832749999999998
SG_010241,0.33812499999999995
SG_010242,0.03768333333333333
SG_010243,0.10366666666666666
SG_010246,0.790275
SG_010252,0.9549666666666667
SG_010253,0.77965
SG_010256,0.36597499999999994
SG_010257,0.4603666666666667
SG_010258,0.23459999999999998
SG_010259,0.9735833333333332
SG_010261,0.4784583333333333
SG_010263,0.3012916666666667
SG_010265,0.13407499999999997
SG_010267,0.17093333333333333
SG_010271,0.8491249999999999
SG_010273,0.492675
SG_010274,0.23949166666666666
SG_010277,0.6843083333333333
SG_010284,0.20975
SG_010286,0.3522333333333333
SG_010287,0.9422666666666666
SG_010288,0.4554333333333333
SG_010293,0.24919166666666664
SG_010294,0.6107416666666666
SG_010298,0.23734999999999998
SG_010306,0.8075416666666666
SG_010313,0.4070916666666667
SG_010315,0.8708583333333333
SG_010316,0.7678999999999999
SG_010319,0.10097499999999998
SG_010320,0.8567333333333333
SG_010322,0.4467333333333333
SG_010323,0.8420249999999999
SG_010326,0.14215833333333333
SG_010328,0.58655
SG_010329,0.9700916666666666
SG_010330,0.6892833333333332
SG_010332,0.13548333333333332
SG_010336,0.8071249999999999
SG_010344,0.5987750000000001
SG_010347,0.9019166666666667
SG_010350,0.6271583333333333
SG_010352,0.9209583333333332
SG_010354,0.7930166666666666
SG_010358,0.6189416666666666
SG_010371,0.2818833333333333
SG_010373,0.6028333333333333
SG_010379,0.20858333333333334
SG_010386,0.5608833333333332
SG_010393,0.2822083333333333
SG_010394,0.6268083333333333
SG_010399,0.9732416666666666
SG_010401,0.5421666666666667
SG_010404,0.06911666666666666
SG_010406,0.6274166666666667
SG_010407,0.30585833333333334
SG_010409,0.9814083333333332
SG_010412,0.4740833333333333
SG_010418,0.13244166666666665
SG_010420,0.05913333333333333
SG_010424,0.9314
SG_010425,0.41189166666666666
SG_010428,0.9423916666666665
SG_010430,0.7771166666666666
SG_010431,0.7838166666666666
SG_010435,0.46307499999999996
SG_010442,0.9410499999999999
SG_010455,0.6332916666666666
SG_010459,0.75235
SG_010460,0.8292833333333334
SG_010461,0.6775666666666667
SG_010462,0.3045583333333333
SG_010465,0.057333333333333326
SG_010467,0.4272666666666667
SG_010469,0.6882916666666666
SG_010470,0.8162916666666666
SG_010472,0.018716666666666666
SG_010475,0.9147333333333334
SG_010477,0.9544499999999999
SG_010481,0.9116166666666665
SG_010482,0.4900833333333333
SG_010483,0.44314166666666666
SG_010485,0.6236416666666666
SG_010486,0.317725
SG_010487,0.8515666666666666
SG_010490,0.6574333333333333
SG_010492,0.3352166666666666
SG_010493,0.5197666666666666
SG_010495,0.1332833333333333
SG_010498,0.4281333333333333
SG_010499,0.11859166666666665
SG_010501,0.7317916666666666
SG_010503,0.17904166666666665
SG_010505,0.2417416666666667
SG_010506,0.09983333333333333
SG_010507,0.12339999999999998
SG_010509,0.7087416666666666
SG_010510,0.41117499999999996
SG_010515,0.9184333333333333
SG_010517,0.703475
SG_010518,0.7428916666666666
SG_010531,0.8202499999999999
SG_010546,0.7942666666666667
SG_010547,0.28151666666666664
SG_010550,0.707325
SG_010552,0.40317499999999995
SG_010553,0.334175
SG_010555,0.59055
SG_010561,0.1558
SG_010562,0.31700833333333334
SG_010563,0.6792916666666666
SG_010569,0.43884999999999996
SG_010571,0.23125
SG_010577,0.07946666666666666
SG_010578,0.20629999999999998
SG_010579,0.6899333333333333
SG_010582,0.3041166666666666
SG_010585,0.9517166666666665
SG_010586,0.8272666666666666
SG_010588,0.3880916666666666
SG_010589,0.10477500000000001
SG_010590,0.5847833333333333
SG_010592,0.8778583333333333
SG_010594,0.3577583333333333
SG_010598,0.948075
SG_010600,0.219775
SG_010607,0.4446833333333333
SG_010611,0.85415
SG_010615,0.915475
SG_010616,0.6159833333333333
SG_010619,0.7064416666666666
SG_010627,0.528925
SG_010634,0.1796333333333333
SG_010635,0.08114166666666667
SG_010636,0.2731916666666666
SG_010649,0.9144583333333333
SG_010651,0.23756666666666665
SG_010653,0.7334166666666666
SG_010655,0.38581666666666664
SG_010659,0.158525
SG_010662,0.9704083333333333
SG_010664,0.9191750000000001
SG_010666,0.1956083333333333
SG_010668,0.4734083333333333
SG_010670,0.5301583333333333
SG_010673,0.9659333333333333
SG_010674,0.23180833333333334
SG_010679,0.8162083333333332
SG_010684,0.7852166666666667
SG_010685,0.12106666666666666
SG_010690,0.0877
SG_010696,0.12600833333333333
SG_010700,0.6082083333333332
SG_010707,0.5847583333333334
SG_010708,0.19661666666666666
SG_010713,0.06126666666666666
SG_010717,0.432975
SG_010718,0.26718333333333333
SG_010721,0.828275
SG_010722,0.21514999999999995
SG_010726,0.8668749999999998
SG_010729,0.22609999999999997
SG_010733,0.4720583333333333
SG_010734,0.6231166666666667
SG_010737,0.38087499999999996
SG_010739,0.24009166666666668
SG_010745,0.7487583333333334
SG_010752,0.4677
SG_010753,0.9163416666666667
SG_010757,0.38747499999999996
SG_010760,0.5746416666666666
SG_010763,0.1980833333333333
SG_010769,0.7162583333333332
SG_010772,0.9225583333333333
SG_010773,0.132075
SG_010774,0.6357583333333332
SG_010781,0.17871666666666663
SG_010784,0.03758333333333333
SG_010789,0.09512499999999999
SG_010791,0.7359
SG_010795,0.8966749999999999
SG_010796,0.6030666666666666
SG_010798,0.3212
SG_010801,0.5154083333333334
SG_010803,0.9607833333333333
SG_010808,0.7991999999999999
SG_010809,0.23676666666666668
SG_010810,0.8901166666666667
SG_010814,0.7461833333333333
SG_010816,0.011266666666666664
SG_010818,0.06641666666666667
SG_010824,0.854975
SG_010828,0.9741583333333332
SG_010830,0.8664
SG_010831,0.44518333333333326
SG_010837,0.7173583333333333
SG_010843,0.6378833333333334
SG_010844,0.9410999999999999
SG_010845,0.17231666666666665
SG_010846,0.2986333333333333
SG_010847,0.6941583333333332
SG_010853,0.15184166666666665
SG_010857,0.02545
SG_010860,0.21325
SG_010863,0.28807499999999997
SG_010865,0.4033583333333334
SG_010870,0.9013583333333334
SG_010871,0.3698583333333333
SG_010872,0.3722666666666666
SG_010876,0.9753916666666667
SG_010881,0.312125
SG_010882,0.5098916666666666
SG_010884,0.8725833333333333
SG_010887,0.4296916666666667
SG_010888,0.7158749999999999
SG_010889,0.8076749999999999
SG_010894,0.4885333333333333
SG_010896,0.7743416666666666
SG_010898,0.37295
SG_010902,0.5072333333333333
SG_010904,0.6134499999999999
SG_010907,0.7971249999999999
SG_010911,0.033091666666666665
SG_010922,0.7795416666666666
SG_010930,0.024425
SG_010946,0.6480583333333333
SG_010951,0.19205833333333333
SG_010956,0.82695
SG_010960,0.9137666666666666
SG_010961,0.6264166666666666
SG_010962,0.33590833333333336
SG_010969,0.29423333333333335
SG_010971,0.08709999999999998
SG_010973,0.8808083333333333
SG_010974,0.183825
SG_010977,0.06511666666666666
SG_010982,0.14807499999999998
SG_010985,0.294525
SG_010986,0.40797500000000003
SG_010987,0.7432583333333334
SG_010993,0.16011666666666666
SG_010995,0.07814166666666666
SG_010998,0.9274166666666666
SG_011003,0.11555833333333335
SG_011010,0.11075
SG_011012,0.5443916666666666
SG_011016,0.21261666666666668
SG_011017,0.5377416666666667
SG_011025,0.38626666666666665
SG_011031,0.7088416666666666
SG_011050,0.243675
SG_011052,0.5804583333333333
SG_011053,0.6631499999999999
SG_011055,0.43115000000000003
SG_011057,0.7485416666666667
SG_011060,0.069525
SG_011073,0.5140166666666667
SG_011075,0.7131666666666665
SG_011077,0.10577499999999998
SG_011088,0.23874166666666666
SG_011089,0.43366666666666664
SG_011097,0.13609166666666667
SG_011107,0.2911583333333333
SG_011110,0.3030166666666667
SG_011117,0.5337583333333333
SG_011120,0.8205416666666666
SG_011132,0.464075
SG_011133,0.12925
SG_011139,0.9648916666666667
SG_011143,0.8691083333333334
SG_011144,0.43332499999999996
SG_011147,0.7283333333333333
SG_011148,0.452925
SG_011151,0.015316666666666666
SG_011152,0.9452333333333334
SG_011154,0.6588916666666667
SG_011158,0.5373166666666667
SG_011159,0.8611249999999999
SG_011160,0.8077583333333334
SG_011161,0.606325
SG_011162,0.3090666666666666
SG_011164,0.31553333333333333
SG_011169,0.15716666666666665
SG_011170,0.17026666666666662
SG_011175,0.5555
SG_011176,0.7637499999999999
SG_011177,0.5769833333333333
SG_011182,0.648025
SG_011184,0.5728666666666666
SG_011186,0.28645
SG_011190,0.07192499999999999
SG_011192,0.7629
SG_011199,0.251575
SG_011200,0.1351
SG_011201,0.237375
SG_011203,0.10906666666666666
SG_011208,0.9826249999999999
SG_011212,0.2105583333333333
SG_011214,0.6114166666666666
SG_011221,0.8872333333333332
SG_011222,0.7646249999999999
SG_011224,0.140225
SG_011226,0.881025
SG_011235,0.6266333333333334
SG_011239,0.5140333333333333
SG_011250,0.2755083333333333
SG_011257,0.4861083333333333
SG_011259,0.5712416666666666
SG_011261,0.5116999999999999
SG_011262,0.8895916666666666
SG_011266,0.5610166666666666
SG_011274,0.07851666666666667
SG_011275,0.10549166666666665
SG_011279,0.05983333333333332
SG_011280,0.329825
SG_011285,0.15719166666666665
SG_011291,0.3755333333333333
SG_011294,0.119475
SG_011298,0.500425
SG_011303,0.3279833333333333
SG_011304,0.1660083333333333
SG_011306,0.192825
SG_011307,0.5576833333333333
SG_011308,0.946625
SG_011309,0.5236916666666666
SG_011310,0.5849666666666666
SG_011312,0.9294083333333332
SG_011313,0.9923833333333332
SG_011327,0.22485
SG_011333,0.5474416666666666
SG_011335,0.66345
SG_011337,0.16471666666666665
SG_011340,0.06823333333333333
SG_011343,0.18379166666666666
SG_011345,0.1687
SG_011347,0.2477
SG_011350,0.09620833333333333
SG_011357,0.7249416666666666
SG_011360,0.29777499999999996
SG_011361,0.8501583333333333
SG_011367,0.07260833333333333
SG_011371,0.18548333333333333
SG_011376,0.5311833333333333
SG_011377,0.9368
SG_011380,0.25671666666666665
SG_011381,0.16016666666666665
SG_011383,0.2828583333333333
SG_011398,0.8200499999999998
SG_011401,0.6031416666666667
SG_011413,0.441125
SG_011416,0.41323333333333334
SG_011420,0.704375
SG_011429,0.831875
SG_011432,0.09834999999999999
SG_011437,0.297575
SG_011443,0.22869166666666665
SG_011447,0.8132666666666666
SG_011450,0.38125000000000003
SG_011457,0.46380833333333327
SG_011458,0.38140833333333335
SG_011460,0.23879166666666665
SG_011464,0.09803333333333333
SG_011468,0.33679166666666666
SG_011469,0.7787
SG_011473,0.9616333333333333
SG_011475,0.827125
SG_011479,0.7612083333333333
SG_011482,0.9686999999999999
SG_011483,0.9408333333333333
SG_011492,0.6653416666666666
SG_011493,0.5799833333333333
SG_011497,0.07836666666666667
SG_011503,0.5259499999999999
SG_011504,0.6158416666666666
SG_011505,0.6483583333333333
SG_011512,0.7207583333333333
SG_011519,0.5361416666666666
SG_011526,0.5626916666666667
SG_011527,0.4923166666666666
SG_011528,0.580475
SG_011532,0.2910583333333333
SG_011541,0.5723416666666666
SG_011544,0.4409666666666666
SG_011547,0.9355833333333333
SG_011548,0.8103666666666666
SG_011552,0.5726666666666667
SG_011566,0.560175
SG_011567,0.8249083333333332
SG_011569,0.9609916666666666
SG_011575,0.3263333333333333
SG_011576,0.8820833333333332
SG_011577,0.22210833333333332
SG_011581,0.6006666666666666
SG_011584,0.7987583333333333
SG_011586,0.774625
SG_011593,0.63805
SG_011597,0.48558333333333326
SG_011598,0.9408
SG_011602,0.8153083333333332
SG_011605,0.7530083333333333
SG_011607,0.20001666666666668
SG_011612,0.9586666666666668
SG_011616,0.21553333333333335
SG_011617,0.4057583333333333
SG_011620,0.9541499999999998
SG_011622,0.4529249999999999
SG_011625,0.5526666666666666
SG_011626,0.32606666666666667
SG_011627,0.8001583333333333
SG_011632,0.8048916666666667
SG_011633,0.45829166666666665
SG_011635,0.9282333333333332
SG_011638,0.6957749999999999
SG_011640,0.8407166666666666
SG_011645,0.405725
SG_011649,0.8034916666666666
SG_011656,0.5574416666666666
SG_011662,0.14365
SG_011663,0.6064749999999999
SG_011666,0.17094166666666666
SG_011672,0.22009166666666663
SG_011673,0.454375
SG_011676,0.8100416666666665
SG_011678,0.823
SG_011682,0.4396416666666666
SG_011683,0.1466583333333333
SG_011684,0.18384166666666665
SG_011691,0.6805666666666667
SG_011694,0.054408333333333336
SG_011695,0.26665833333333333
SG_011697,0.3116083333333333
SG_011699,0.2846166666666667
SG_011701,0.5629333333333333
SG_011704,0.9318916666666666
SG_011705,0.40984166666666666
SG_011708,0.5447583333333333
SG_011714,0.9767916666666665
SG_011715,0.42061666666666664
SG_011720,0.20153333333333331
SG_011721,0.018299999999999997
SG_011727,0.2687583333333333
SG_011728,0.371025
SG_011729,0.2752083333333333
SG_011731,0.11685
SG_011736,0.6670666666666667
SG_011737,0.19218333333333332
SG_011747,0.42529999999999996
SG_011749,0.7153833333333333
SG_011750,0.5888666666666666
SG_011752,0.5144333333333333
SG_011757,0.9225999999999999
SG_011764,0.49411666666666665
SG_011767,0.18585
SG_011769,0.8839166666666665
SG_011770,0.8213583333333333
SG_011772,0.8636333333333333
SG_011773,0.44271666666666665
SG_011777,0.44707499999999994
SG_011779,0.16379999999999997
SG_011780,0.8270833333333332
SG_011786,0.8822916666666665
SG_011787,0.6938416666666666
SG_011789,0.041824999999999994
SG_011796,0.13201666666666667
SG_011799,0.338525
SG_011801,0.3826
SG_011802,0.9034499999999999
SG_011806,0.008841666666666666
SG_011812,0.5027999999999999
SG_011814,0.8292083333333333
SG_011815,0.8465666666666666
SG_011816,0.8679166666666667
SG_011830,0.7098
SG_011833,0.31925
SG_011843,0.6998749999999999
SG_011853,0.84125
SG_011855,0.9003333333333333
SG_011858,0.5030416666666666
SG_011861,0.255375
SG_011863,0.7280083333333334
SG_011864,0.8422333333333334
SG_011868,0.846
SG_011869,0.30261666666666664
SG_011871,0.9068333333333333
SG_011886,0.4650333333333333
SG_011889,0.2518833333333333
SG_011890,0.7423499999999998
SG_011894,0.24641666666666664
SG_011896,0.019783333333333333
SG_011898,0.3749083333333333
SG_011900,0.5354416666666666
SG_011918,0.9073333333333332
SG_011922,0.54145
SG_011925,0.45681666666666665
SG_011926,0.7532416666666666
SG_011927,0.3397333333333333
SG_011931,0.32971666666666666
SG_011933,0.30929166666666663
SG_011936,0.012516666666666666
SG_011939,0.356425
SG_011940,0.3670583333333334
SG_011953,0.6006333333333332
SG_011955,0.8514333333333333
SG_011956,0.19390000000000002
SG_011959,0.23867499999999997
SG_011961,0.7560749999999999
SG_011962,0.9377833333333334
SG_011966,0.98135
SG_011969,0.2721166666666667
SG_011971,0.13024166666666667
SG_011977,0.3881833333333333
SG_011978,0.14360833333333334
SG_011983,0.2013333333333333
SG_011986,0.6652166666666667
SG_011988,0.3365083333333333
SG_011993,0.7550166666666667
SG_011995,0.6455249999999999
SG_011996,0.185225
SG_011997,0.43905833333333333
SG_012000,0.2887166666666667
SG_012013,0.397475
SG_012018,0.3827666666666666
SG_012019,0.5829333333333333
SG_012020,0.5564583333333333
SG_012022,0.6156499999999999
SG_012031,0.4086083333333333
SG_012040,0.401775
SG_012041,0.07446666666666665
SG_012048,0.10527500000000001
SG_012050,0.18803333333333333
SG_012051,0.20349166666666665
SG_012052,0.8612916666666666
SG_012064,0.7404416666666667
SG_012066,0.416025
SG_012068,0.22435833333333333
SG_012076,0.7896
SG_012077,0.4097083333333333
SG_012078,0.18760833333333332
SG_012079,0.02540833333333333
SG_012080,0.9109333333333334
SG_012081,0.21473333333333333
SG_012082,0.6952916666666666
SG_012086,0.5626
SG_012089,0.620925
SG_012097,0.11994166666666667
SG_012104,0.293025
SG_012108,0.386575
SG_012113,0.6427416666666665
SG_012119,0.8752666666666666
SG_012124,0.7422416666666667
SG_012125,0.6102
SG_012141,0.5905083333333333
SG_012143,0.4940416666666667
SG_012145,0.28678333333333333
SG_012148,0.30399999999999994
SG_012150,0.549975
SG_012162,0.43511666666666665
SG_012165,0.4613083333333333
SG_012166,0.43524166666666664
SG_012167,0.7469999999999999
SG_012168,0.18544999999999998
SG_012169,0.19415833333333332
SG_012170,0.13614166666666666
SG_012175,0.11019999999999999
SG_012176,0.11173333333333334
SG_012177,0.3875083333333333
SG_012181,0.39770833333333333
SG_012186,0.9041916666666667
SG_012190,0.38937499999999997
SG_012192,0.8414083333333333
SG_012194,0.6634166666666665
SG_012195,0.41612499999999997
SG_012198,0.39119166666666666
SG_012199,0.06763333333333332
SG_012205,0.9144166666666667
SG_012206,0.5287916666666667
SG_012211,0.11541666666666667
SG_012212,0.6786416666666666
SG_012213,0.4051416666666666
SG_012216,0.6463083333333333
SG_012217,0.6000416666666666
SG_012218,0.7803833333333332
SG_012220,0.37072499999999997
SG_012225,0.7395416666666665
SG_012230,0.2879583333333333
SG_012232,0.08721666666666666
SG_012234,0.45619166666666666
SG_012238,0.4049333333333333
SG_012241,0.5646
SG_012243,0.2826833333333333
SG_012247,0.46936666666666665
SG_012253,0.6053
SG_012258,0.8940416666666666
SG_012260,0.6982833333333334
SG_012263,0.23504999999999998
SG_012264,0.4984083333333333
SG_012266,0.797175
SG_012270,0.10535833333333333
SG_012272,0.08352499999999999
SG_012276,0.6679833333333334
SG_012277,0.33187500000000003
SG_012278,0.3908583333333333
SG_012279,0.93265
SG_012280,0.8960833333333332
SG_012281,0.9361083333333333
SG_012283,0.8950749999999998
SG_012284,0.9483999999999999
SG_012285,0.23612499999999997
SG_012290,0.6831333333333333
SG_012293,0.24858333333333332
SG_012301,0.8867499999999999
SG_012305,0.9055166666666667
SG_012307,0.5942333333333334
SG_012308,0.5995666666666666
SG_012310,0.6853083333333333
SG_012312,0.83815
SG_012313,0.5790166666666666
SG_012316,0.7097249999999999
SG_012321,0.5683583333333333
SG_012322,0.9092583333333333
SG_012326,0.5317333333333333
SG_012334,0.0656
SG_012336,0.23761666666666664
SG_012337,0.3202833333333333
SG_012339,0.9442083333333333
SG_012340,0.49284999999999995
SG_012345,0.1712
SG_012355,0.7421166666666666
SG_012362,0.8007
SG_012363,0.5885833333333332
SG_012368,0.6538999999999999
SG_012375,0.08072499999999999
SG_012378,0.06399999999999999
SG_012381,0.594425
SG_012384,0.18477499999999997
SG_012390,0.334525
SG_012393,0.38106666666666666
SG_012397,0.1847166666666667
SG_012400,0.7834166666666667
SG_012402,0.6290666666666667
SG_012410,0.3539333333333334
SG_012414,0.21805
SG_012419,0.179925
SG_012420,0.914625
SG_012422,0.5567416666666667
SG_012423,0.9249333333333334
SG_012424,0.14959999999999998
SG_012427,0.12480833333333334
SG_012432,0.53675
SG_012436,0.844675
SG_012437,0.8553999999999999
SG_012438,0.8777083333333333
SG_012444,0.3995249999999999
SG_012446,0.05005833333333333
SG_012452,0.7492916666666667
SG_012453,0.6504416666666667
SG_012456,0.38757499999999995
SG_012459,0.12916666666666665
SG_012468,0.5980833333333333
SG_012470,0.3455833333333333
SG_012480,0.2539083333333333
SG_012484,0.32124166666666665
SG_012489,0.27703333333333335
SG_012493,0.3547416666666666
SG_012495,0.7330916666666666
SG_012499,0.7347083333333333
SG_012501,0.0223
SG_012502,0.45889166666666664
SG_012504,0.936725
SG_012506,0.4482333333333333
SG_012509,0.9112166666666666
SG_012510,0.933
SG_012513,0.4175249999999999
SG_012519,0.74545
SG_012520,0.48260833333333336
SG_012521,0.3174166666666667
SG_012525,0.6324916666666667
SG_012527,0.4140583333333333
SG_012531,0.5826
SG_012533,0.9319666666666666
SG_012538,0.23606666666666665
SG_012539,0.8423416666666667
SG_012548,0.8929833333333332
SG_012550,0.8320249999999999
SG_012552,0.536725
SG_012556,0.5456416666666667
SG_012561,0.725025
SG_012562,0.088475
SG_012563,0.506375
SG_012564,0.7657916666666666
SG_012567,0.2972583333333333
SG_012568,0.9362999999999999
SG_012571,0.855525
SG_012575,0.277
SG_012579,0.88205
SG_012588,0.5562333333333334
SG_012591,0.18405
SG_012594,0.5751583333333333
SG_012596,0.13825833333333332
SG_012600,0.7888749999999999
SG_012601,0.3849666666666667
SG_012603,0.28712499999999996
SG_012606,0.38876666666666665
SG_012609,0.9629833333333332
SG_012610,0.09348333333333333
SG_012615,0.19256666666666666
SG_012616,0.24269999999999997
SG_012619,0.2850833333333333
SG_012623,0.3682333333333333
SG_012628,0.7433749999999999
SG_012630,0.9554
SG_012632,0.769925
SG_012636,0.6348083333333333
SG_012640,0.037925
SG_012643,0.8802083333333333
SG_012648,0.9173166666666666
SG_012651,0.25582499999999997
SG_012654,0.43576666666666664
SG_012660,0.9148416666666666
SG_012661,0.8521583333333334
SG_012663,0.3399083333333333
SG_012669,0.3858583333333333
SG_012674,0.37984166666666663
SG_012680,0.34079166666666666
SG_012684,0.7020166666666666
SG_012688,0.41972499999999996
SG_012690,0.4798
SG_012697,0.5542666666666667
SG_012699,0.4131666666666667
SG_012701,0.27813333333333334
SG_012705,0.5604166666666667
SG_012709,0.27896666666666664
SG_012710,0.9837999999999999
SG_012715,0.4319333333333333
SG_012716,0.48106666666666664
SG_012718,0.7500833333333333
SG_012723,0.09066666666666667
SG_012724,0.4118
SG_012730,0.6206
SG_012734,0.8844833333333333
SG_012736,0.8606416666666665
SG_012738,0.098825
SG_012747,0.3631083333333333
SG_012749,0.8788166666666666
SG_012750,0.03760833333333333
SG_012753,0.6398416666666666
SG_012754,0.9644333333333333
SG_012757,0.06311666666666665
SG_012763,0.446825
SG_012764,0.36555
SG_012767,0.9027416666666667
SG_012768,0.27626666666666666
SG_012773,0.141475
SG_012775,0.37375
SG_012777,0.8790833333333332
SG_012786,0.46602499999999997
SG_012787,0.9508166666666666
SG_012792,0.8791583333333333
SG_012797,0.6040333333333333
SG_012805,0.5621583333333333
SG_012808,0.483275
SG_012810,0.7956083333333333
SG_012819,0.9150583333333332
SG_012821,0.8842166666666667
SG_012822,0.4589333333333333
SG_012831,0.3722
SG_012844,0.5228333333333334
SG_012845,0.18901666666666667
SG_012848,0.018833333333333334
SG_012849,0.9298833333333332
SG_012851,0.8144666666666667
SG_012859,0.09339166666666665
SG_012861,0.49654166666666666
SG_012869,0.7770250000000001
SG_012870,0.6541916666666666
SG_012873,0.5442083333333333
SG_012874,0.4790333333333333
SG_012883,0.09999166666666667
SG_012886,0.3317666666666666
SG_012887,0.261975
SG_012888,0.285975
SG_012891,0.14309166666666664
SG_012898,0.4740333333333333
SG_012905,0.8740000000000001
SG_012910,0.8434666666666666
SG_012913,0.4342083333333333
SG_012918,0.8323083333333332
SG_012919,0.38129166666666664
SG_012920,0.23172500000000001
SG_012923,0.16475833333333334
SG_012924,0.6328833333333332
SG_012926,0.8540083333333333
SG_012936,0.96285
SG_012938,0.7390916666666667
SG_012940,0.41031666666666666
SG_012945,0.6395666666666666
SG_012949,0.6567666666666666
SG_012958,0.621475
SG_012962,0.6620083333333333
SG_012967,0.20542499999999997
SG_012968,0.44614999999999994
SG_012970,0.18849166666666667
SG_012972,0.2616583333333333
SG_012978,0.7904
SG_012979,0.4838416666666666
SG_012980,0.9228
SG_012981,0.7914083333333333
SG_012983,0.6110249999999999
SG_012984,0.9272833333333332
SG_012989,0.44300833333333334
SG_012994,0.2580083333333333
SG_012997,0.3297583333333333
SG_013002,0.8359666666666665
SG_013009,0.7915999999999999
SG_013017,0.4514666666666667
SG_013023,0.6338499999999999
SG_013028,0.4559083333333333
SG_013030,0.31474166666666664
SG_013033,0.9290833333333333
SG_013042,0.75345
SG_013043,0.4295999999999999
SG_013045,0.6152666666666666
SG_013063,0.5691916666666667
SG_013064,0.24329999999999996
SG_013065,0.37168333333333325
SG_013068,0.7434333333333334
SG_013070,0.70155
SG_013071,0.487625
SG_013072,0.7410749999999999
SG_013077,0.24379166666666666
SG_013080,0.9190083333333332
SG_013082,0.5982749999999999
SG_013083,0.594725
SG_013085,0.8659666666666666
SG_013086,0.16858333333333334
SG_013093,0.3586083333333333
SG_013094,0.20896666666666666
SG_013096,0.9649333333333333
SG_013104,0.8054333333333334
SG_013108,0.1049
SG_013111,0.26792499999999997
SG_013112,0.43905833333333333
SG_013115,0.6603249999999999
SG_013117,0.4080666666666666
SG_013125,0.055558333333333335
SG_013127,0.5986166666666667
SG_013135,0.17167499999999997
SG_013138,0.6706083333333333
SG_013139,0.48172499999999996
SG_013141,0.7911999999999999
SG_013149,0.8055166666666665
SG_013150,0.7448999999999999
SG_013157,0.399175
SG_013159,0.91975
SG_013166,0.16916666666666666
SG_013172,0.51885
SG_013177,0.8061750000000001
SG_013178,0.210525
SG_013187,0.2992583333333333
SG_013196,0.7710249999999998
SG_013201,0.7668083333333333
SG_013202,0.21493333333333334
SG_013212,0.055308333333333334
SG_013219,0.6837833333333333
SG_013222,0.178925
SG_013223,0.7905416666666667
SG_013224,0.9760166666666668
SG_013233,0.11776666666666666
SG_013237,0.16088333333333332
SG_013245,0.27385
SG_013249,0.38454166666666667
SG_013250,0.3713749999999999
SG_013260,0.7963333333333333
SG_013264,0.08689166666666666
SG_013266,0.7117583333333333
SG_013267,0.8020583333333333
SG_013269,0.25759166666666666
SG_013273,0.9028999999999999
SG_013276,0.031258333333333325
SG_013280,0.79905
SG_013281,0.43296666666666667
SG_013282,0.11801666666666666
SG_013288,0.9540916666666667
SG_013292,0.7052499999999999
SG_013294,0.8407
SG_013297,0.32791666666666663
SG_013304,0.28891666666666665
SG_013311,0.4401666666666666
SG_013313,0.8197249999999998
SG_013314,0.3663666666666666
SG_013315,0.31786666666666663
SG_013317,0.574225
SG_013321,0.4882416666666666
SG_013323,0.6647666666666667
SG_013327,0.4617
SG_013328,0.1399
SG_013332,0.32715833333333333
SG_013337,0.44304166666666667
SG_013338,0.274125
SG_013339,0.026575
SG_013340,0.37754166666666666
SG_013342,0.023791666666666662
SG_013344,0.089175
SG_013345,0.5809166666666666
SG_013347,0.6744416666666666
SG_013348,0.2574916666666666
SG_013356,0.931775
SG_013358,0.7137166666666667
SG_013359,0.8331166666666666
SG_013360,0.29535833333333333
SG_013361,0.15197499999999997
SG_013362,0.9060249999999999
SG_013366,0.4069083333333333
SG_013371,0.8892416666666667
SG_013372,0.44629166666666664
SG_013374,0.7898833333333333
SG_013380,0.022666666666666665
SG_013383,0.623575
SG_013384,0.23017499999999996
SG_013391,0.8235833333333332
SG_013392,0.38766666666666666
SG_013393,0.9850583333333334
SG_013396,0.8681
SG_013400,0.7027833333333333
SG_013404,0.4358416666666667
SG_013412,0.4865583333333333
SG_013413,0.9504499999999998
SG_013414,0.06391666666666666
SG_013418,0.9087333333333332
SG_013420,0.08545833333333333
SG_013421,0.70685
SG_013424,0.7148166666666667
SG_013427,0.5919916666666667
SG_013430,0.7985249999999999
SG_013435,0.7551333333333333
SG_013438,0.867725
SG_013440,0.6203833333333333
SG_013443,0.7645333333333333
SG_013444,0.4433083333333333
SG_013446,0.02085
SG_013447,0.1408583333333333
SG_013452,0.40731666666666666
SG_013454,0.8937999999999999
SG_013456,0.7679833333333334
SG_013462,0.5867583333333333
SG_013463,0.8414666666666666
SG_013464,0.8119749999999999
SG_013468,0.29196666666666665
SG_013472,0.5185
SG_013474,0.5273666666666667
SG_013477,0.5340916666666666
SG_013480,0.6316083333333333
SG_013485,0.277375
SG_013486,0.5679916666666667
SG_013487,0.57975
SG_013491,0.8604499999999999
SG_013495,0.5758666666666666
SG_013499,0.21459999999999999
SG_013504,0.9616083333333333
SG_013508,0.6797583333333334
SG_013509,0.17366666666666666
SG_013515,0.5156
SG_013523,0.22318333333333332
SG_013528,0.655075
SG_013538,0.8462083333333332
SG_013542,0.2677166666666666
SG_013543,0.30654166666666666
SG_013544,0.49149166666666666
SG_013545,0.7748833333333333
SG_013546,0.18394999999999997
SG_013548,0.9652166666666667
SG_013549,0.7228833333333333
SG_013552,0.99605
SG_013553,0.8093083333333333
SG_013554,0.35589166666666666
SG_013557,0.10747499999999999
SG_013558,0.7257416666666666
SG_013561,0.9129166666666666
SG_013563,0.8231583333333332
SG_013565,0.6083166666666666
SG_013567,0.2485
SG_013568,0.12004166666666666
SG_013571,0.79355
SG_013574,0.9262083333333333
SG_013575,0.161725
SG_013578,0.6671666666666667
SG_013579,0.7176416666666666
SG_013580,0.6942583333333333
SG_013586,0.23881666666666665
SG_013588,0.13179166666666667
SG_013591,0.49952499999999994
SG_013598,0.9302666666666667
SG_013601,0.8234166666666666
SG_013602,0.9136666666666665
SG_013604,0.5500416666666667
SG_013608,0.6854750000000001
SG_013610,0.6032
SG_013612,0.7307999999999999
SG_013613,0.123375
SG_013616,0.512475
SG_013619,0.09106666666666666
SG_013624,0.8114166666666666
SG_013626,0.6909083333333333
SG_013628,0.5240833333333333
SG_013629,0.34149166666666664
SG_013633,0.692975
SG_013635,0.044366666666666665
SG_013637,0.5535916666666667
SG_013638,0.5213
SG_013639,0.5043666666666666
SG_013641,0.46332499999999993
SG_013646,0.5618666666666667
SG_013653,0.3877333333333333
SG_013667,0.45435000000000003
SG_013668,0.6404416666666666
SG_013670,0.33042499999999997
SG_013675,0.6038416666666666
SG_013677,0.57895
SG_013678,0.77895
SG_013681,0.49993333333333334
SG_013682,0.8915
SG_013683,0.9004666666666665
SG_013684,0.61405
SG_013685,0.24353333333333332
SG_013686,0.436875
SG_013690,0.6574666666666666
SG_013695,0.3256833333333333
SG_013705,0.4116166666666667
SG_013706,0.482
SG_013708,0.13877499999999998
SG_013711,0.13718333333333332
SG_013713,0.8861583333333333
SG_013715,0.09895
SG_013716,0.6826666666666666
SG_013726,0.4630333333333333
SG_013727,0.2576
SG_013728,0.5058750000000001
SG_013731,0.6201666666666666
SG_013733,0.029733333333333334
SG_013737,0.3847333333333333
SG_013740,0.8154166666666667
SG_013741,0.748125
SG_013744,0.06980833333333333
SG_013745,0.8344333333333334
SG_013746,0.4066083333333333
SG_013747,0.5199583333333333
SG_013749,0.6369750000000001
SG_013755,0.27502499999999996
SG_013759,0.7152416666666667
SG_013765,0.4234833333333333
SG_013766,0.6966
SG_013769,0.19547499999999998
SG_013773,0.686125
SG_013785,0.38341666666666663
SG_013793,0.2254083333333333
SG_013800,0.3506916666666666
SG_013808,0.8555833333333333
SG_013815,0.26770833333333327
SG_013827,0.08255833333333333
SG_013840,0.016816666666666667
SG_013841,0.19169166666666665
SG_013842,0.556425
SG_013844,0.8750249999999999
SG_013845,0.7952583333333332
SG_013849,0.27799999999999997
SG_013850,0.5605749999999999
SG_013851,0.1335083333333333
SG_013853,0.7211916666666667
SG_013854,0.326
SG_013855,0.7194083333333332
SG_013857,0.7415749999999999
SG_013860,0.8022666666666666
SG_013862,0.7708583333333333
SG_013867,0.8667083333333333
SG_013868,0.4094833333333333
SG_013870,0.42435833333333334
SG_013883,0.10338333333333333
SG_013884,0.3268583333333333
SG_013885,0.9276916666666666
SG_013892,0.837675
SG_013896,0.06800833333333334
SG_013898,0.8464166666666667
SG_013901,0.8840333333333332
SG_013905,0.5693833333333334
SG_013906,0.5783916666666666
SG_013907,0.29355833333333337
SG_013910,0.4246333333333333
SG_013912,0.4893333333333333
SG_013914,0.6810583333333333
SG_013919,0.89455
SG_013922,0.54175
SG_013943,0.3470833333333333
SG_013944,0.41784166666666667
SG_013946,0.3354
SG_013948,0.3251833333333333
SG_013949,0.4515583333333333
SG_013953,0.2622583333333333
SG_013962,0.9374499999999999
SG_013965,0.47505833333333336
SG_013969,0.9485583333333333
SG_013974,0.18789166666666665
SG_013978,0.48003333333333326
SG_013979,0.06216666666666666
SG_013980,0.9392583333333332
SG_013986,0.16063333333333332
SG_013997,0.34378333333333333
SG_014000,0.6328833333333334
SG_014004,0.340425
SG_014009,0.47968333333333335
SG_014010,0.55935
SG_014012,0.7386499999999999
SG_014014,0.6199833333333333
SG_014015,0.6483
SG_014016,0.19394999999999998
SG_014017,0.9221916666666666
SG_014018,0.0518
SG_014020,0.41464166666666663
SG_014021,0.6756333333333333
SG_014022,0.5805166666666667
SG_014023,0.368575
SG_014026,0.90655
SG_014030,0.3781916666666666
SG_014031,0.22341666666666665
SG_014036,0.3942166666666666
SG_014037,0.018466666666666666
SG_014039,0.432825
SG_014045,0.6603833333333333
SG_014046,0.5625083333333334
SG_014047,0.5829583333333332
SG_014050,0.011583333333333333
SG_014053,0.60785
SG_014058,0.9051833333333332
SG_014059,0.9054833333333333
SG_014062,0.707525
SG_014067,0.643975
SG_014072,0.12768333333333332
SG_014073,0.59265
SG_014075,0.4613583333333333
SG_014081,0.6220000000000001
SG_014085,0.6555
SG_014088,0.4164416666666666
SG_014096,0.8008583333333332
SG_014099,0.690425
SG_014102,0.31661666666666666
SG_014105,0.376225
SG_014111,0.8089249999999999
SG_014113,0.48471666666666663
SG_014116,0.269575
SG_014122,0.6014666666666666
SG_014123,0.20754166666666665
SG_014124,0.62745
SG_014130,0.8654166666666667
SG_014132,0.3959999999999999
SG_014135,0.9150833333333332
SG_014136,0.2606
SG_014139,0.5927333333333332
SG_014140,0.9032416666666666
SG_014141,0.5560083333333333
SG_014146,0.5051666666666667
SG_014155,0.5087833333333333
SG_014157,0.3188583333333333
SG_014161,0.5259083333333333
SG_014162,0.756825
SG_014165,0.6586916666666667
SG_014167,0.8223333333333332
SG_014168,0.8749333333333333
SG_014172,0.15314999999999998
SG_014176,0.40594166666666665
SG_014177,0.9488249999999999
SG_014184,0.9702
SG_014186,0.5864666666666667
SG_014188,0.5891416666666667
SG_014190,0.10303333333333334
SG_014191,0.49769166666666664
SG_014192,0.134025
SG_014194,0.7302333333333333
SG_014196,0.4337
SG_014197,0.8163916666666666
SG_014205,0.6970750000000001
SG_014210,0.24055833333333332
SG_014217,0.6647916666666667
SG_014219,0.911975
SG_014223,0.9260416666666667
SG_014235,0.03083333333333333
SG_014237,0.9556583333333333
SG_014243,0.745875
SG_014248,0.8915416666666667
SG_014249,0.6904583333333333
SG_014259,0.7190166666666666
SG_014269,0.7418666666666666
SG_014270,0.6078583333333333
SG_014272,0.13351666666666667
SG_014277,0.27839166666666665
SG_014288,0.61095
SG_014290,0.09809166666666666
SG_014292,0.9133666666666667
SG_014293,0.13529999999999998
SG_014295,0.3163333333333333
SG_014299,0.209675
SG_014308,0.47599166666666665
SG_014309,0.4789833333333333
SG_014311,0.8889666666666667
SG_014314,0.7440916666666666
SG_014319,0.15960833333333332
SG_014320,0.29141666666666666
SG_014321,0.9295083333333334
SG_014328,0.6994750000000001
SG_014334,0.14111666666666667
SG_014335,0.18398333333333333
SG_014339,0.9391249999999999
SG_014342,0.05784166666666666
SG_014343,0.9813166666666666
SG_014345,0.06923333333333333
SG_014363,0.25079166666666663
SG_014368,0.696
SG_014370,0.006349999999999999
SG_014373,0.2615833333333333
SG_014375,0.29468333333333335
SG_014380,0.7533166666666666
SG_014383,0.8890166666666667
SG_014385,0.8957083333333333
SG_014386,0.23428333333333334
SG_014387,0.28179166666666666
SG_014389,0.4565666666666666
SG_014391,0.2637083333333333
SG_014394,0.9845166666666666
SG_014398,0.9389083333333332
SG_014402,0.17305833333333331
SG_014409,0.5984083333333333
SG_014411,0.5219333333333332
SG_014415,0.6907583333333333
SG_014416,0.68175
SG_014418,0.14902499999999996
SG_014425,0.2566
SG_014426,0.9132666666666667
SG_014431,0.5042416666666667
SG_014432,0.7338833333333333
SG_014446,0.942525
SG_014447,0.45814999999999995
SG_014457,0.5653499999999999
SG_014465,0.5216666666666667
SG_014466,0.13273333333333334
SG_014469,0.17661666666666664
SG_014474,0.09970833333333333
SG_014484,0.6203749999999999
SG_014486,0.09913333333333332
SG_014488,0.20899166666666666
SG_014491,0.42976666666666663
SG_014495,0.5663666666666666
SG_014512,0.854375
SG_014514,0.4121916666666667
SG_014516,0.41383333333333333
SG_014519,0.3159416666666667
SG_014522,0.28044166666666664
SG_014529,0.6522916666666667
SG_014538,0.6682166666666667
SG_014544,0.7160333333333332
SG_014551,0.35566666666666663
SG_014552,0.4462083333333333
SG_014556,0.5089416666666666
SG_014562,0.48153333333333326
SG_014565,0.09609999999999999
SG_014566,0.8424666666666665
SG_014568,0.03208333333333333
SG_014569,0.07479166666666667
SG_014570,0.8145083333333332
SG_014578,0.34434166666666666
SG_014579,0.8096833333333333
SG_014581,0.43084999999999996
SG_014582,0.34262499999999996
SG_014583,0.06530833333333333
SG_014587,0.5052916666666667
SG_014594,0.48247499999999993
SG_014596,0.6513083333333333
SG_014597,0.8204333333333333
SG_014607,0.5112333333333333
SG_014611,0.4244916666666667
SG_014616,0.24484999999999998
SG_014617,0.1560333333333333
SG_014618,0.4842833333333333
SG_014619,0.092025
SG_014621,0.832975
SG_014626,0.43310833333333326
SG_014634,0.17296666666666666
SG_014635,0.6234999999999999
SG_014636,0.1916
SG_014637,0.35395
SG_014640,0.425075
SG_014641,0.6724583333333333
SG_014645,0.272125
SG_014647,0.43595833333333334
SG_014653,0.3179666666666666
SG_014655,0.2524333333333333
SG_014656,0.8740833333333333
SG_014657,0.9315749999999998
SG_014660,0.8473999999999999
SG_014667,0.2975083333333333
SG_014672,0.39165833333333333
SG_014677,0.12721666666666664
SG_014680,0.5377166666666666
SG_014681,0.7787249999999999
SG_014687,0.7602416666666666
SG_014690,0.584075
SG_014691,0.131075
SG_014700,0.8812833333333333
SG_014701,0.5156083333333333
SG_014702,0.9051416666666666
SG_014703,0.06428333333333333
SG_014712,0.44175833333333336
SG_014713,0.09079166666666666
SG_014718,0.06115833333333333
SG_014720,0.913475
SG_014723,0.29567499999999997
SG_014729,0.9681499999999998
SG_014731,0.4890833333333333
SG_014733,0.9456083333333334
SG_014735,0.7847666666666666
SG_014742,0.025866666666666663
SG_014746,0.06191666666666666
SG_014748,0.28986666666666666
SG_014749,0.4908083333333333
SG_014753,0.43999166666666667
SG_014754,0.17963333333333334
SG_014757,0.4509916666666667
SG_014771,0.22521666666666662
SG_014774,0.5698333333333333
SG_014777,0.7970916666666666
SG_014778,0.8789166666666667
SG_014780,0.3703333333333333
SG_014787,0.9438166666666665
SG_014800,0.48532499999999995
SG_014801,0.86135
SG_014802,0.007691666666666666
SG_014803,0.47606666666666664
SG_014808,0.06580833333333333
SG_014812,0.31033333333333335
SG_014813,0.25756666666666667
SG_014815,0.6487583333333333
SG_014824,0.03736666666666667
SG_014825,0.3438
SG_014827,0.4443333333333333
SG_014830,0.3183083333333333
SG_014834,0.17793333333333333
SG_014839,0.6345000000000001
SG_014844,0.9862166666666666
SG_014865,0.8588583333333333
SG_014866,0.141525
SG_014867,0.7784166666666666
SG_014871,0.7484916666666667
SG_014874,0.05589999999999999
SG_014875,0.5301583333333333
SG_014879,0.07870833333333332
SG_014880,0.070625
SG_014882,0.215325
SG_014885,0.9133083333333334
SG_014887,0.810325
SG_014894,0.3584666666666666
SG_014895,0.24123333333333333
SG_014898,0.1954
SG_014900,0.38693333333333335
SG_014906,0.8988749999999999
SG_014909,0.084425
SG_014914,0.526675
SG_014919,0.393425
SG_014921,0.4435583333333333
SG_014939,0.9809
SG_014940,0.4978666666666667
SG_014945,0.7910249999999999
SG_014946,0.04840833333333333
SG_014951,0.8418666666666667
SG_014953,0.9138166666666666
SG_014955,0.8152916666666665
SG_014959,0.35941666666666666
SG_014961,0.5647333333333333
SG_014964,0.7049749999999999
SG_014965,0.22569166666666665
SG_014966,0.45986666666666665
SG_014969,0.8612083333333332
SG_014972,0.624825
SG_014976,0.9313833333333333
SG_014979,0.05393333333333333
SG_014980,0.7991583333333333
SG_014984,0.564725
SG_014990,0.018516666666666667
SG_014998,0.35283333333333333
SG_014999,0.2778833333333333
SG_015001,0.6612499999999999
SG_015002,0.6438583333333333
SG_015014,0.32839999999999997
SG_015015,0.40508333333333335
SG_015021,0.5435416666666666
SG_015026,0.2346583333333333
SG_015031,0.917625
SG_015036,0.11501666666666666
SG_015039,0.11513333333333332
SG_015042,0.24666666666666665
SG_015044,0.16559999999999997
SG_015046,0.650975
SG_015047,0.766775
SG_015050,0.14304166666666668
SG_015054,0.7255833333333332
SG_015066,0.53675
SG_015068,0.9488333333333334
SG_015071,0.26564166666666666
SG_015075,0.23328333333333334
SG_015076,0.16335
SG_015081,0.8477250000000001
SG_015082,0.38763333333333333
SG_015085,0.11790833333333332
SG_015093,0.7702916666666666
SG_015095,0.4209333333333333
SG_015099,0.6049416666666666
SG_015102,0.6213749999999999
SG_015103,0.8128916666666666
SG_015111,0.48965000000000003
SG_015112,0.4961249999999999
SG_015118,0.14798333333333333
SG_015125,0.5874666666666666
SG_015126,0.39003333333333334
SG_015127,0.8083333333333332
SG_015129,0.3648083333333333
SG_015134,0.49813749999999996
SG_015135,0.67135
SG_015137,0.20549166666666666
SG_015138,0.9099166666666667
SG_015144,0.8306499999999999
SG_015146,0.25456666666666666
SG_015152,0.4085916666666666
SG_015155,0.12214999999999998
SG_015158,0.6783833333333332
SG_015159,0.5186999999999999
SG_015161,0.6292166666666666
SG_015165,0.8830083333333333
SG_015167,0.811475
SG_015169,0.6451333333333332
SG_015176,0.7029166666666666
SG_015180,0.2
SG_015183,0.5905916666666666
SG_015189,0.6424249999999999
SG_015190,0.20711666666666664
SG_015192,0.7066999999999999
SG_015195,0.5331666666666667
SG_015197,0.7112416666666667
SG_015201,0.7131666666666666
SG_015202,0.3374833333333333
SG_015214,0.28790000000000004
SG_015215,0.6314083333333333
SG_015217,0.19644999999999999
SG_015222,0.5034000000000001
SG_015224,0.03790833333333333
SG_015235,0.6807583333333332
SG_015239,0.16386666666666666
SG_015246,0.11154999999999998
SG_015251,0.32256666666666667
SG_015252,0.7874499999999999
SG_015256,0.7803666666666667
SG_015257,0.4440666666666666
SG_015261,0.49363333333333326
SG_015262,0.4634666666666666
SG_015263,0.9824499999999998
SG_015269,0.3537
SG_015270,0.12292499999999998
SG_015272,0.214575
SG_015276,0.9147000000000001
SG_015277,0.298775
SG_015278,0.08379166666666665
SG_015279,0.6332
SG_015280,0.8871666666666667
SG_015283,0.5002
SG_015284,0.9831166666666666
SG_015289,0.8973583333333333
SG_015290,0.2328083333333333
SG_015294,0.5809249999999999
SG_015296,0.1152
SG_015297,0.88125
SG_015302,0.4572166666666666
SG_015304,0.7986583333333332
SG_015308,0.5244333333333333
SG_015309,0.2967583333333333
SG_015312,0.4234583333333333
SG_015317,0.8937166666666666
SG_015322,0.45944166666666664
SG_015323,0.5801083333333332
SG_015326,0.7038
SG_015329,0.21388333333333331
SG_015337,0.1945333333333333
SG_015339,0.7813916666666667
SG_015340,0.46915833333333334
SG_015341,0.8441833333333333
SG_015346,0.45700833333333335
SG_015348,0.5805666666666667
SG_015349,0.69805
SG_015351,0.9137249999999999
SG_015355,0.3335
SG_015356,0.7463249999999999
SG_015360,0.253475
SG_015361,0.5836166666666666
SG_015362,0.9608583333333334
SG_015363,0.36545833333333333
SG_015369,0.42189999999999994
SG_015372,0.7489416666666666
SG_015375,0.057158333333333325
SG_015381,0.5073666666666667
SG_015382,0.13358333333333333
SG_015383,0.14119166666666666
SG_015384,0.7772416666666666
SG_015388,0.712325
SG_015395,0.20689166666666667
SG_015397,0.07077499999999999
SG_015399,0.55445
SG_015400,0.9258083333333333
SG_015401,0.4642416666666666
SG_015402,0.6686916666666667
SG_015403,0.5037
SG_015406,0.8595583333333334
SG_015412,0.6558916666666665
SG_015421,0.8056
SG_015424,0.12118333333333332
SG_015425,0.31427499999999997
SG_015428,0.5139416666666666
SG_015430,0.7066416666666666
SG_015431,0.27294999999999997
SG_015439,0.279575
SG_015440,0.10790833333333333
SG_015446,0.8304833333333334
SG_015447,0.5836833333333332
SG_015448,0.6555583333333332
SG_015452,0.4513
SG_015454,0.9477583333333333
SG_015458,0.6565833333333333
SG_015462,0.29634166666666667
SG_015463,0.6894583333333333
SG_015464,0.6161333333333333
SG_015466,0.4580083333333333
SG_015467,0.8379583333333332
SG_015470,0.36517499999999997
SG_015473,0.3097083333333333
SG_015479,0.2781416666666666
SG_015481,0.7653583333333333
SG_015483,0.6098916666666667
SG_015492,0.6073333333333333
SG_015495,0.03144166666666666
SG_015498,0.8056583333333333
SG_015503,0.31253333333333333
SG_015507,0.7927749999999999
SG_015512,0.15205833333333335
SG_015514,0.40216666666666656
SG_015517,0.8985916666666666
SG_015520,0.7227
SG_015524,0.4505
SG_015526,0.2003833333333333
SG_015527,0.28244166666666665
SG_015535,0.5146249999999999
SG_015537,0.7098499999999999
SG_015538,0.7066666666666667
SG_015540,0.7892083333333333
SG_015542,0.03410833333333333
SG_015543,0.9054499999999999
SG_015544,0.5384666666666666
SG_015546,0.8617833333333333
SG_015547,0.5377666666666666
SG_015550,0.5155583333333333
SG_015556,0.10368333333333334
SG_015558,0.7164249999999999
SG_015559,0.7467333333333332
SG_015560,0.630475
SG_015562,0.1706583333333333
SG_015565,0.139125
SG_015568,0.8534666666666666
SG_015572,0.397875
SG_015576,0.009975
SG_015578,0.11220000000000001
SG_015580,0.68885
SG_015582,0.11421666666666665
SG_015584,0.3903583333333333
SG_015585,0.55015
SG_015586,0.057499999999999996
SG_015587,0.18205
SG_015589,0.6242416666666666
SG_015590,0.7800833333333334
SG_015591,0.678275
SG_015593,0.6503416666666666
SG_015597,0.7129
SG_015598,0.7346749999999999
SG_015600,0.8847916666666666
SG_015606,0.7733083333333333
SG_015613,0.6870999999999999
SG_015615,0.7169
SG_015617,0.21585
SG_015619,0.413775
SG_015623,0.24051666666666668
SG_015627,0.7353916666666667
SG_015637,0.17159999999999997
SG_015641,0.6109
SG_015644,0.6091
SG_015649,0.3365583333333333
SG_015654,0.8438083333333333
SG_015655,0.9225083333333333
SG_015656,0.194525
SG_015659,0.3847333333333333
SG_015662,0.6921416666666667
SG_015664,0.025025
SG_015671,0.7877083333333332
SG_015675,0.10515
SG_015678,0.6754583333333333
SG_015680,0.4947166666666667
SG_015681,0.18933333333333335
SG_015682,0.8261666666666667
SG_015684,0.26311666666666667
SG_015693,0.8376750000000001
SG_015708,0.9691916666666667
SG_015715,0.24509999999999998
SG_015716,0.41759999999999997
SG_015718,0.06651666666666667
SG_015721,0.6016666666666666
SG_015724,0.8058833333333333
SG_015726,0.7265833333333334
SG_015729,0.6039749999999999
SG_015730,0.8400666666666665
SG_015735,0.22420833333333334
SG_015738,0.7699833333333334
SG_015743,0.2067
SG_015744,0.17923333333333333
SG_015746,0.05299166666666666
SG_015756,0.2549666666666667
SG_015762,0.8386416666666667
SG_015763,0.646675
SG_015766,0.6020249999999999
SG_015769,0.7358
SG_015770,0.3717666666666667
SG_015772,0.5246833333333333
SG_015773,0.789175
SG_015780,0.24894166666666664
SG_015790,0.5373999999999999
SG_015797,0.1934833333333333
SG_015806,0.40218333333333334
SG_015810,0.9449416666666666
SG_015815,0.592375
SG_015817,0.6086166666666666
SG_015818,0.7769833333333334
SG_015819,0.5908833333333333
SG_015820,0.4325083333333333
SG_015827,0.4510458333333333
SG_015828,0.11964166666666665
SG_015829,0.28778333333333334
SG_015832,0.15939166666666665
SG_015833,0.7576583333333332
SG_015834,0.3036083333333333
SG_015838,0.5181083333333333
SG_015840,0.07201666666666667
SG_015842,0.5193166666666666
SG_015845,0.0397
SG_015849,0.2512
SG_015857,0.5576749999999999
SG_015859,0.0033166666666666665
SG_015860,0.9226833333333333
SG_015867,0.445725
SG_015873,0.6619333333333333
SG_015878,0.61925
SG_015879,0.20027499999999998
SG_015880,0.8255416666666666
SG_015881,0.027516666666666665
SG_015884,0.30051666666666665
SG_015885,0.40323333333333333
SG_015891,0.8391166666666666
SG_015893,0.357475
SG_015898,0.5559416666666666
SG_015900,0.7603
SG_015901,0.33665
SG_015907,0.44650833333333334
SG_015908,0.3890583333333333
SG_015910,0.8723833333333333
SG_015914,0.7292333333333333
SG_015917,0.8891083333333333
SG_015921,0.869
SG_015922,0.5330416666666666
SG_015928,0.7995416666666666
SG_015939,0.3079666666666666
SG_015940,0.14148333333333332
SG_015942,0.9007083333333332
SG_015943,0.9465666666666668
SG_015947,0.6167499999999999
SG_015950,0.6679083333333333
SG_015951,0.7680416666666667
SG_015955,0.092
SG_015964,0.8369166666666665
SG_015965,0.5867416666666666
SG_015972,0.7817999999999999
SG_015973,0.04389166666666666
SG_015975,0.3285916666666666
SG_015977,0.7269499999999999
SG_015978,0.8387166666666666
SG_015979,0.9420666666666666
SG_015980,0.169875
SG_015981,0.5962916666666667
SG_015985,0.8424749999999999
SG_015988,0.18810833333333332
SG_015989,0.703475
SG_015990,0.8030249999999999
SG_015998,0.8077749999999999
SG_015999,0.16052499999999997
SG_016002,0.7755083333333332
SG_016003,0.2576
SG_016004,0.4251583333333333
SG_016008,0.9954833333333333
SG_016010,0.7232166666666666
SG_016013,0.5855083333333333
SG_016015,0.3291666666666666
SG_016020,0.2563333333333333
SG_016021,0.7269416666666666
SG_016022,0.16482499999999997
SG_016027,0.6312833333333333
SG_016028,0.27721666666666667
SG_016029,0.15751666666666667
SG_016030,0.9201666666666666
SG_016045,0.18337499999999998
SG_016048,0.7266083333333333
SG_016049,0.195175
SG_016054,0.9711666666666667
SG_016056,0.39894166666666664
SG_016060,0.3504
SG_016065,0.10129166666666665
SG_016081,0.21473333333333333
SG_016085,0.11153333333333333
SG_016089,0.196075
SG_016091,0.983125
SG_016092,0.8145166666666666
SG_016101,0.7412
SG_016102,0.8099416666666667
SG_016103,0.30319166666666664
SG_016108,0.3567916666666666
SG_016109,0.511875
SG_016111,0.9141999999999999
SG_016113,0.06647499999999999
SG_016114,0.284325
SG_016115,0.26939166666666664
SG_016116,0.6981499999999999
SG_016119,0.32266666666666666
SG_016124,0.5325666666666666
SG_016127,0.23529999999999998
SG_016132,0.8655833333333334
SG_016133,0.5055333333333334
SG_016134,0.564775
SG_016138,0.21910833333333332
SG_016140,0.9180333333333333
SG_016146,0.8970083333333333
SG_016147,0.5089916666666667
SG_016156,0.8623333333333333
SG_016158,0.43619166666666664
SG_016159,0.3625333333333333
SG_016160,0.11208333333333334
SG_016161,0.160725
SG_016163,0.882325
SG_016164,0.6711499999999999
SG_016165,0.8476833333333333
SG_016166,0.14449166666666666
SG_016171,0.72455
SG_016172,0.750525
SG_016174,0.30009166666666665
SG_016176,0.608
SG_016179,0.9558416666666667
SG_016181,0.840525
SG_016183,0.06985833333333333
SG_016185,0.6491416666666666
SG_016186,0.13465833333333332
SG_016187,0.12903333333333333
SG_016188,0.775925
SG_016190,0.11889166666666667
SG_016194,0.479525
SG_016195,0.25574166666666664
SG_016196,0.9129833333333333
SG_016197,0.5973833333333333
SG_016211,0.279725
SG_016214,0.8374416666666666
SG_016215,0.35163333333333335
SG_016219,0.6754666666666667
SG_016221,0.73705
SG_016222,0.6081166666666666
SG_016224,0.2945083333333333
SG_016225,0.9072749999999999
SG_016233,0.33302499999999996
SG_016234,0.37934166666666663
SG_016235,0.21187499999999998
SG_016238,0.195675
SG_016242,0.7984749999999998
SG_016244,0.18595
SG_016245,0.0327
SG_016246,0.5745583333333333
SG_016249,0.30551666666666666
SG_016251,0.9172333333333333
SG_016252,0.8528249999999999
SG_016259,0.3775583333333333
SG_016262,0.426625
SG_016263,0.20120833333333332
SG_016268,0.43878333333333336
SG_016270,0.49560000000000004
SG_016272,0.8015833333333333
SG_016273,0.9222333333333333
SG_016275,0.9793499999999999
SG_016278,0.6448499999999999
SG_016282,0.8034749999999999
SG_016285,0.08061666666666666
SG_016289,0.7129000000000001
SG_016292,0.08429166666666665
SG_016297,0.146725
SG_016299,0.6872083333333334
SG_016310,0.6142833333333333
SG_016315,0.7779499999999999
SG_016316,0.3759166666666666
SG_016318,0.10445833333333332
SG_016324,0.3658
SG_016326,0.40924166666666667
SG_016327,0.8610833333333332
SG_016330,0.22956666666666664
SG_016331,0.6496249999999999
SG_016332,0.16494999999999999
SG_016333,0.8567333333333332
SG_016334,0.5605166666666666
SG_016337,0.11485
SG_016341,0.5871666666666666
SG_016343,0.19795
SG_016345,0.7723916666666667
SG_016346,0.15954166666666664
SG_016349,0.5414666666666667
SG_016351,0.4649916666666667
SG_016352,0.061775
SG_016354,0.5929583333333333
SG_016363,0.5502583333333333
SG_016372,0.3348083333333333
SG_016375,0.7263916666666667
SG_016382,0.6382749999999999
SG_016384,0.837525
SG_016386,0.13776666666666665
SG_016389,0.6308583333333333
SG_016392,0.6796083333333334
SG_016393,0.3973583333333333
SG_016394,0.43829999999999997
SG_016401,0.32229166666666664
SG_016402,0.20242500000000002
SG_016405,0.8514833333333334
SG_016414,0.4280583333333333
SG_016421,0.02408333333333333
SG_016424,0.4917499999999999
SG_016425,0.37527499999999997
SG_016429,0.11857499999999999
SG_016431,0.4899916666666666
SG_016432,0.6250916666666666
SG_016435,0.9552583333333333
SG_016436,0.8710583333333333
SG_016443,0.09158333333333332
SG_016445,0.28335
SG_016450,0.8928583333333333
SG_016452,0.15183333333333332
SG_016456,0.6624749999999999
SG_016462,0.33143333333333336
SG_016463,0.19824166666666665
SG_016474,0.59365
SG_016482,0.31279999999999997
SG_016488,0.3550416666666666
SG_016502,0.10778333333333333
SG_016503,0.822
SG_016507,0.8233999999999999
SG_016508,0.5157499999999999
SG_016511,0.17746666666666666
SG_016512,0.59155
SG_016517,0.31115
SG_016518,0.9925999999999999
SG_016520,0.2308
SG_016522,0.8920416666666666
SG_016524,0.8077416666666666
SG_016526,0.8010083333333333
SG_016528,0.7301083333333334
SG_016529,0.6095916666666665
SG_016532,0.9406416666666666
SG_016535,0.16319999999999998
SG_016537,0.13147499999999998
SG_016539,0.289525
SG_016542,0.12945833333333331
SG_016545,0.3095583333333333
SG_016547,0.392325
SG_016548,0.28251666666666664
SG_016554,0.318
SG_016562,0.5857
SG_016563,0.4444666666666666
SG_016566,0.6333833333333333
SG_016567,0.6499166666666667
SG_016580,0.30140833333333333
SG_016581,0.34649166666666664
SG_016585,0.9831416666666666
SG_016600,0.6547499999999999
SG_016603,0.7993833333333333
SG_016604,0.34653333333333325
SG_016606,0.7940666666666666
SG_016609,0.41919166666666663
SG_016612,0.406
SG_016613,0.61715
SG_016614,0.6791333333333334
SG_016623,0.49663333333333337
SG_016625,0.5884166666666666
SG_016632,0.8860166666666667
SG_016634,0.27599166666666664
SG_016637,0.8202333333333333
SG_016641,0.45842499999999997
SG_016646,0.28298333333333336
SG_016647,0.32367499999999993
SG_016660,0.11436666666666666
SG_016662,0.7790666666666666
SG_016670,0.87555
SG_016671,0.38562499999999994
SG_016673,0.17365
SG_016675,0.4547833333333333
SG_016685,0.32785
SG_016689,0.7821750000000001
SG_016690,0.6180916666666666
SG_016691,0.25529166666666664
SG_016692,0.33029166666666665
SG_016696,0.8904666666666665
SG_016698,0.8473333333333334
SG_016699,0.701375
SG_016703,0.2682833333333333
SG_016704,0.7838499999999999
SG_016705,0.945525
SG_016708,0.6915416666666666
SG_016710,0.1685333333333333
SG_016711,0.8177666666666666
SG_016714,0.6662083333333333
SG_016716,0.079425
SG_016719,0.7695416666666667
SG_016720,0.5657583333333334
SG_016721,0.054158333333333336
SG_016723,0.20340833333333336
SG_016732,0.8018249999999999
SG_016733,0.7115499999999999
SG_016736,0.01595
SG_016737,0.15610833333333335
SG_016738,0.6140583333333334
SG_016741,0.818375
SG_016745,0.7073916666666666
SG_016746,0.09543333333333331
SG_016752,0.5987416666666666
SG_016754,0.31040833333333334
SG_016758,0.3540083333333333
SG_016763,0.7560166666666666
SG_016765,0.7308416666666666
SG_016769,0.06346666666666667
SG_016776,0.8966333333333332
SG_016778,0.8337916666666667
SG_016779,0.6110583333333333
SG_016780,0.8360416666666666
SG_016783,0.7081999999999999
SG_016785,0.22579999999999997
SG_016786,0.469225
SG_016792,0.7668583333333333
SG_016793,0.12924166666666667
SG_016794,0.9866249999999999
SG_016805,0.49300833333333327
SG_016807,0.6561083333333333
SG_016810,0.21305833333333332
SG_016813,0.5951500000000001
SG_016818,0.8866999999999998
SG_016819,0.2462666666666667
SG_016823,0.8773333333333333
SG_016827,0.233775
SG_016828,0.7688999999999999
SG_016832,0.7980999999999999
SG_016834,0.8901166666666667
SG_016837,0.7242249999999999
SG_016840,0.08896666666666665
SG_016843,0.9101666666666666
SG_016847,0.16801666666666665
SG_016849,0.3491916666666666
SG_016851,0.30201666666666666
SG_016857,0.262725
SG_016858,0.9712999999999999
SG_016859,0.9225166666666665
SG_016861,0.7376166666666666
SG_016863,0.5715583333333333
SG_016874,0.8417833333333333
SG_016877,0.419775
SG_016881,0.8579416666666666
SG_016885,0.4187083333333333
SG_016887,0.9012583333333333
SG_016888,0.5027916666666666
SG_016891,0.7474416666666666
SG_016893,0.16026666666666664
SG_016895,0.5366333333333333
SG_016900,0.5111
SG_016902,0.5322083333333333
SG_016904,0.163625
SG_016909,0.41793333333333327
SG_016911,0.9471833333333333
SG_016924,0.030466666666666666
SG_016925,0.37311666666666665
SG_016928,0.8148333333333333
SG_016937,0.5683416666666666
SG_016939,0.8809916666666666
SG_016941,0.8859499999999999
SG_016944,0.876725
SG_016946,0.49549166666666666
SG_016951,0.8088416666666667
SG_016961,0.97505
SG_016963,0.7888999999999999
SG_016967,0.5831999999999999
SG_016968,0.9077916666666667
SG_016971,0.5428583333333333
SG_016973,0.3168916666666666
SG_016974,0.22328333333333333
SG_016975,0.6587
SG_016976,0.45229166666666665
SG_016986,0.2886416666666667
SG_016989,0.9574499999999999
SG_016990,0.8425666666666667
SG_017003,0.35051666666666664
SG_017005,0.57885
SG_017006,0.09411666666666665
SG_017016,0.5212333333333333
SG_017018,0.7310666666666666
SG_017021,0.6230083333333332
SG_017026,0.5362583333333333
SG_017028,0.54165
SG_017040,0.590325
SG_017043,0.146225
SG_017044,0.69255
SG_017046,0.3684333333333334
SG_017048,0.12841666666666668
SG_017049,0.2087
SG_017050,0.06514166666666665
SG_017055,0.6391916666666666
SG_017056,0.24793333333333334
SG_017062,0.24764999999999998
SG_017067,0.613825
SG_017070,0.23656666666666668
SG_017071,0.9233666666666666
SG_017076,0.6220833333333333
SG_017077,0.576275
SG_017079,0.015008333333333332
SG_017080,0.3106916666666666
SG_017085,0.5817583333333333
SG_017098,0.49092499999999994
SG_017103,0.46109999999999995
SG_017110,0.66755
SG_017111,0.8690749999999999
SG_017114,0.030183333333333333
SG_017116,0.5692
SG_017123,0.07965833333333333
SG_017124,0.7280749999999999
SG_017126,0.0592
SG_017127,0.22962499999999997
SG_017130,0.4533833333333333
SG_017139,0.667475
SG_017144,0.5278499999999999
SG_017145,0.39546666666666663
SG_017146,0.8052333333333332
SG_017154,0.35295
SG_017158,0.5278083333333333
SG_017170,0.17209166666666664
SG_017171,0.4817416666666666
SG_017172,0.06009166666666667
SG_017182,0.0223
SG_017187,0.00903333333333333
SG_017190,0.943325
SG_017192,0.2738
SG_017193,0.531225
SG_017195,0.8334083333333332
SG_017202,0.7102666666666666
SG_017206,0.10408333333333333
SG_017208,0.5478916666666667
SG_017213,0.5154666666666666
SG_017218,0.1894
SG_017220,0.3934833333333333
SG_017223,0.25774166666666665
SG_017224,0.7505166666666666
SG_017225,0.4534083333333333
SG_017227,0.5340583333333333
SG_017228,0.8137166666666665
SG_017230,0.33779166666666666
SG_017232,0.36043333333333333
SG_017235,0.5572083333333333
SG_017239,0.761025
SG_017241,0.6330333333333333
SG_017245,0.36421666666666663
SG_017250,0.7123083333333332
SG_017254,0.33825
SG_017255,0.48624999999999996
SG_017266,0.28966666666666663
SG_017269,0.37193333333333334
SG_017272,0.48699166666666666
SG_017276,0.5046583333333333
SG_017279,0.2114083333333333
SG_017281,0.029525
SG_017287,0.5989416666666667
SG_017288,0.7969249999999999
SG_017292,0.6471083333333333
SG_017294,0.7627666666666666
SG_017296,0.04695833333333333
SG_017303,0.6296416666666667
SG_017304,0.8068833333333333
SG_017309,0.953125
SG_017311,0.5750666666666666
SG_017316,0.028741666666666662
SG_017317,0.7549499999999999
SG_017318,0.92375
SG_017323,0.40236666666666665
SG_017328,0.796675
SG_017338,0.3854833333333333
SG_017339,0.5555583333333333
SG_017347,0.645675
SG_017348,0.361125
SG_017349,0.15826666666666667
SG_017350,0.17328333333333332
SG_017354,0.25469166666666665
SG_017358,0.8575833333333334
SG_017360,0.080225
SG_017361,0.747425
SG_017364,0.8758666666666666
SG_017368,0.7245499999999999
SG_017373,0.7840833333333332
SG_017376,0.78945
SG_017383,0.7777916666666667
SG_017385,0.5988749999999999
SG_017391,0.8110749999999999
SG_017399,0.6330333333333333
SG_017402,0.027716666666666667
SG_017405,0.06609999999999999
SG_017406,0.22391666666666665
SG_017416,0.45695833333333336
SG_017419,0.896525
SG_017421,0.21061666666666667
SG_017423,0.7121833333333333
SG_017425,0.8935083333333332
SG_017428,0.1944083333333333
SG_017431,0.5879166666666666
SG_017432,0.9743499999999998
SG_017438,0.9125666666666665
SG_017439,0.018416666666666665
SG_017445,0.324175
SG_017448,0.14136666666666667
SG_017452,0.7906833333333333
SG_017454,0.41045
SG_017457,0.4174916666666666
SG_017458,0.8594999999999999
SG_017464,0.7962583333333333
SG_017465,0.12264166666666666
SG_017466,0.7920999999999999
SG_017467,0.8225
SG_017475,0.07324166666666666
SG_017479,0.3897583333333333
SG_017480,0.01795
SG_017481,0.4155333333333333
SG_017482,0.09850833333333332
SG_017484,0.28589166666666666
SG_017486,0.3092583333333333
SG_017501,0.29135
SG_017504,0.3021166666666667
SG_017507,0.23934999999999998
SG_017509,0.06171666666666667
SG_017513,0.4899
SG_017514,0.5468083333333333
SG_017516,0.27634166666666665
SG_017518,0.3890416666666666
SG_017521,0.8559249999999999
SG_017526,0.17145
SG_017529,0.4196
SG_017532,0.5441833333333332
SG_017535,0.3576583333333333
SG_017537,0.544975
SG_017538,0.5565833333333332
SG_017542,0.18556666666666666
SG_017545,0.9374666666666667
SG_017549,0.825325
SG_017557,0.12935833333333333
SG_017559,0.8188416666666666
SG_017560,0.29255
SG_017562,0.7604166666666666
SG_017563,0.9060999999999999
SG_017565,0.10005833333333333
SG_017572,0.2761166666666667
SG_017575,0.9592499999999999
SG_017577,0.534925
SG_017578,0.49893333333333334
SG_017579,0.7522499999999999
SG_017580,0.042341666666666666
SG_017581,0.8512083333333332
SG_017589,0.8498666666666665
SG_017590,0.27824166666666666
SG_017594,0.8499749999999999
SG_017597,0.2722333333333333
SG_017604,0.4182666666666666
SG_017605,0.8749499999999999
SG_017606,0.8411833333333334
SG_017607,0.6986999999999999
SG_017611,0.8626749999999999
SG_017615,0.09626666666666667
SG_017616,0.10751666666666668
SG_017617,0.30916666666666665
SG_017621,0.4026833333333333
SG_017622,0.5216416666666667
SG_017629,0.5324083333333334
SG_017630,0.09955833333333332
SG_017634,0.5221916666666666
SG_017639,0.189125
SG_017642,0.256475
SG_017646,0.9810916666666667
SG_017657,0.9244999999999999
SG_017658,0.48871666666666663
SG_017667,0.053849999999999995
SG_017673,0.6674083333333333
SG_017674,0.1475
SG_017677,0.2544833333333333
SG_017679,0.20093333333333332
SG_017683,0.6937166666666666
SG_017687,0.22071666666666667
SG_017689,0.9594666666666665
SG_017691,0.4761416666666666
SG_017693,0.8991666666666666
SG_017696,0.5241333333333333
SG_017697,0.1714
SG_017702,0.16988333333333333
SG_017703,0.9718666666666667
SG_017709,0.032391666666666666
SG_017714,0.136625
SG_017715,0.66265
SG_017718,0.8150333333333333
SG_017719,0.3045
SG_017728,0.6735333333333333
SG_017729,0.40565833333333334
SG_017739,0.49232499999999996
SG_017743,0.06925833333333334
SG_017745,0.031849999999999996
SG_017746,0.2975333333333333
SG_017749,0.6882083333333333
SG_017750,0.5866083333333333
SG_017754,0.167325
SG_017757,0.8013416666666666
SG_017760,0.9014333333333333
SG_017774,0.7954749999999999
SG_017775,0.021916666666666668
SG_017776,0.09864166666666666
SG_017777,0.8065499999999999
SG_017778,0.48377499999999996
SG_017781,0.8108749999999999
SG_017782,0.7479833333333332
SG_017789,0.3366416666666667
SG_017795,0.5172583333333333
SG_017798,0.5086833333333334
SG_017811,0.422975
SG_017817,0.65015
SG_017819,0.9266583333333334
SG_017822,0.9098916666666665
SG_017827,0.29911666666666664
SG_017830,0.9446249999999999
SG_017832,0.48570833333333335
SG_017834,0.6230333333333333
SG_017838,0.9292583333333333
SG_017840,0.9072333333333333
SG_017847,0.6274333333333333
SG_017851,0.7768833333333333
SG_017855,0.8988833333333333
SG_017862,0.011091666666666666
SG_017865,0.5258583333333333
SG_017866,0.15497499999999997
SG_017867,0.6632666666666667
SG_017878,0.9750833333333333
SG_017879,0.39393333333333336
SG_017880,0.5028416666666666
SG_017881,0.094525
SG_017882,0.8095916666666667
SG_017886,0.29393333333333327
SG_017888,0.2622333333333333
SG_017889,0.265825
SG_017895,0.7151333333333333
SG_017900,0.7016333333333333
SG_017902,0.572475
SG_017907,0.8567999999999999
SG_017909,0.8222333333333334
SG_017910,0.14418333333333333
SG_017913,0.6263416666666667
SG_017914,0.7503583333333333
SG_017917,0.4883166666666666
SG_017918,0.8246083333333333
SG_017919,0.1587333333333333
SG_017920,0.6828499999999998
SG_017936,0.2987333333333333
SG_017938,0.706275
SG_017945,0.8603333333333332
SG_017947,0.31028333333333336
SG_017949,0.5648916666666666
SG_017956,0.9317833333333333
SG_017958,0.8166166666666667
SG_017960,0.3067333333333333
SG_017965,0.04918333333333333
SG_017971,0.96795
SG_017973,0.6363749999999999
SG_017978,0.640975
SG_017981,0.12719999999999998
SG_017985,0.7533333333333332
SG_017987,0.9451083333333332
SG_017991,0.6282166666666666
SG_017992,0.86325
SG_018002,0.49929999999999997
SG_018003,0.9557249999999999
SG_018005,0.8536416666666666
SG_018014,0.429925
SG_018015,0.18664999999999998
SG_018016,0.7878666666666667
SG_018017,0.7686083333333333
SG_018024,0.028533333333333334
SG_018028,0.8251499999999999
SG_018032,0.4950833333333333
SG_018033,0.47805
SG_018037,0.7352666666666666
SG_018040,0.41951666666666665
SG_018042,0.364425
SG_018046,0.13265
SG_018050,0.9579749999999999
SG_018055,0.8689083333333333
SG_018056,0.6315166666666666
SG_018061,0.2028333333333333
SG_018063,0.9059499999999999
SG_018064,0.7375583333333333
SG_018067,0.4741916666666667
SG_018072,0.4509916666666666
SG_018073,0.8396666666666667
SG_018074,0.7955666666666665
SG_018076,0.8661416666666666
SG_018080,0.35599166666666665
SG_018084,0.4252583333333333
SG_018088,0.78805
SG_018090,0.787825
SG_018092,0.8165
SG_018094,0.7581
SG_018096,0.31584166666666663
SG_018100,0.6498416666666667
SG_018109,0.3117
SG_018111,0.045058333333333325
SG_018120,0.6856916666666666
SG_018124,0.9252
SG_018125,0.5450666666666666
SG_018130,0.8608916666666666
SG_018132,0.6183833333333333
SG_018134,0.14036666666666667
SG_018140,0.4804083333333333
SG_018144,0.03406666666666666
SG_018146,0.70435
SG_018150,0.5990916666666666
SG_018154,0.81545
SG_018155,0.24049166666666666
SG_018160,0.036324999999999996
SG_018165,0.16274166666666667
SG_018166,0.3945916666666667
SG_018170,0.5567500000000001
SG_018174,0.429375
SG_018175,0.33066666666666666
SG_018178,0.8713416666666667
SG_018181,0.7575999999999999
SG_018186,0.6221999999999999
SG_018188,0.25993333333333335
SG_018195,0.21125
SG_018198,0.820325
SG_018201,0.01693333333333333
SG_018206,0.8941916666666667
SG_018208,0.29655
SG_018214,0.9219166666666666
SG_018215,0.8461
SG_018216,0.8361666666666665
SG_018221,0.9107083333333333
SG_018224,0.39002499999999996
SG_018228,0.4387333333333333
SG_018229,0.2556833333333333
SG_018238,0.13710833333333333
SG_018241,0.4572
SG_018246,0.419425
SG_018247,0.15921666666666662
SG_018252,0.9558166666666666
SG_018253,0.2215333333333333
SG_018259,0.8539666666666668
SG_018261,0.11138333333333332
SG_018263,0.8304166666666666
SG_018266,0.2254
SG_018269,0.7079749999999999
SG_018270,0.12074166666666666
SG_018276,0.486475
SG_018278,0.2811916666666667
SG_018281,0.25821666666666665
SG_018282,0.42204166666666665
SG_018284,0.891525
SG_018286,0.28485
SG_018287,0.27108333333333334
SG_018294,0.17855
SG_018297,0.8998833333333334
SG_018303,0.5867083333333333
SG_018305,0.7659749999999999
SG_018307,0.05640833333333334
SG_018312,0.9368916666666667
SG_018316,0.8744999999999998
SG_018321,0.17879166666666665
SG_018322,0.29309999999999997
SG_018325,0.1490083333333333
SG_018327,0.07594166666666666
SG_018330,0.5706583333333333
SG_018334,0.8526
SG_018336,0.23502499999999998
SG_018338,0.7800666666666667
SG_018341,0.5178416666666666
SG_018342,0.5232333333333333
SG_018347,0.19344166666666668
SG_018348,0.6787916666666667
SG_018351,0.5119666666666667
SG_018360,0.763975
SG_018361,0.19122499999999998
SG_018364,0.9398333333333333
SG_018366,0.9079999999999999
SG_018368,0.842325
SG_018372,0.40535833333333327
SG_018379,0.29028333333333334
SG_018381,0.29769999999999996
SG_018386,0.09453333333333333
SG_018387,0.7018833333333333
SG_018388,0.5064166666666666
SG_018394,0.9379166666666667
SG_018407,0.7995749999999999
SG_018410,0.5933583333333333
SG_018411,0.3439583333333333
SG_018417,0.18565833333333331
SG_018418,0.3478
SG_018420,0.5502833333333332
SG_018422,0.6617
SG_018424,0.6208833333333332
SG_018426,0.22596666666666668
SG_018427,0.7077
SG_018430,0.202175
SG_018433,0.70635
SG_018434,0.5777833333333333
SG_018436,0.5927583333333333
SG_018441,0.5292583333333333
SG_018442,0.4826583333333333
SG_018445,0.7807583333333332
SG_018448,0.7886333333333333
SG_018452,0.02146666666666667
SG_018455,0.5008166666666667
SG_018458,0.45640833333333336
SG_018462,0.6030666666666666
SG_018468,0.4816583333333333
SG_018469,0.5297416666666667
SG_018470,0.7166749999999998
SG_018471,0.4758083333333333
SG_018472,0.4047666666666666
SG_018474,0.038858333333333335
SG_018476,0.5974083333333333
SG_018481,0.8404749999999999
SG_018485,0.26841666666666664
SG_018487,0.5218166666666666
SG_018490,0.05163333333333334
SG_018491,0.2901083333333333
SG_018493,0.3378833333333333
SG_018494,0.5645
SG_018497,0.4130333333333333
SG_018501,0.39825833333333327
SG_018503,0.023483333333333332
SG_018505,0.06408333333333333
SG_018506,0.4427333333333333
SG_018510,0.8031499999999998
SG_018511,0.18886666666666665
SG_018514,0.41001666666666664
SG_018519,0.5708833333333333
SG_018520,0.020191666666666667
SG_018524,0.441875
SG_018525,0.021341666666666665
SG_018526,0.23450833333333332
SG_018529,0.39012499999999994
SG_018531,0.31554999999999994
SG_018534,0.7098249999999999
SG_018536,0.314675
SG_018537,0.4618583333333333
SG_018543,0.8632333333333333
SG_018544,0.5485249999999999
SG_018547,0.36029999999999995
SG_018548,0.43246666666666667
SG_018549,0.77345
SG_018553,0.3161583333333333
SG_018555,0.7593083333333333
SG_018558,0.5220666666666666
SG_018566,0.2785583333333333
SG_018568,0.7906749999999999
SG_018569,0.03565
SG_018573,0.3696416666666666
SG_018576,0.4641166666666666
SG_018579,0.0069749999999999986
SG_018587,0.5296666666666666
SG_018591,0.2838583333333333
SG_018594,0.5089999999999999
SG_018601,0.75
SG_018603,0.724825
SG_018608,0.40896666666666665
SG_018611,0.5671666666666666
SG_018612,0.5966333333333333
SG_018615,0.2075
SG_018617,0.18264999999999998
SG_018621,0.8507833333333332
SG_018623,0.7286166666666666
SG_018624,0.5840916666666667
SG_018631,0.4084833333333333
SG_018636,0.52525
SG_018637,0.34495
SG_018639,0.7415416666666667
SG_018644,0.4498416666666667
SG_018645,0.8948666666666667
SG_018647,0.8080333333333333
SG_018650,0.6491083333333333
SG_018651,0.006891666666666666
SG_018662,0.8308249999999999
SG_018663,0.2614333333333333
SG_018664,0.6656749999999999
SG_018665,0.46044166666666664
SG_018670,0.8575249999999999
SG_018676,0.474125
SG_018677,0.070325
SG_018678,0.6836999999999999
SG_018680,0.344075
SG_018685,0.43650000000000005
SG_018686,0.7895916666666666
SG_018687,0.5154166666666666
SG_018688,0.6038333333333333
SG_018689,0.07335833333333333
SG_018693,0.20226666666666665
SG_018694,0.3063083333333333
SG_018697,0.28623333333333334
SG_018703,0.4510833333333333
SG_018705,0.7839833333333333
SG_018709,0.022875
SG_018710,0.9387833333333333
SG_018711,0.6616249999999999
SG_018717,0.22259166666666663
SG_018721,0.7199749999999999
SG_018722,0.441725
SG_018731,0.6228416666666667
SG_018733,0.6773833333333333
SG_018738,0.8679416666666666
SG_018744,0.8375999999999999
SG_018745,0.3049083333333333
SG_018748,0.3008083333333333
SG_018756,0.8899583333333334
SG_018758,0.3696083333333333
SG_018761,0.18008333333333332
SG_018765,0.6986249999999999
SG_018766,0.8868916666666666
SG_018767,0.19731666666666664
SG_018768,0.5677
SG_018770,0.09090833333333333
SG_018779,0.209075
SG_018787,0.581825
SG_018788,0.41574999999999995
SG_018789,0.7073416666666668
SG_018791,0.8618333333333332
SG_018792,0.5397666666666666
SG_018793,0.10467499999999999
SG_018798,0.9309583333333332
SG_018799,0.570675
SG_018800,0.727775
SG_018803,0.07381666666666666
SG_018806,0.9922416666666666
SG_018809,0.37593333333333334
SG_018811,0.3746583333333333
SG_018817,0.16770833333333332
SG_018818,0.19709166666666667
SG_018821,0.09614166666666665
SG_018822,0.12479166666666666
SG_018823,0.24151666666666666
SG_018826,0.7162
SG_018831,0.19652499999999998
SG_018834,0.4030916666666666
SG_018837,0.7843749999999998
SG_018838,0.9071749999999998
SG_018842,0.7188
SG_018843,0.7287166666666667
SG_018847,0.7402583333333332
SG_018850,0.379375
SG_018852,0.8424749999999999
SG_018853,0.152075
SG_018859,0.9592833333333333
SG_018861,0.42928333333333324
SG_018875,0.9693083333333332
SG_018883,0.19452499999999998
SG_018885,0.167475
SG_018889,0.32189999999999996
SG_018890,0.9966916666666666
SG_018894,0.5981166666666666
SG_018895,0.918925
SG_018899,0.32263333333333327
SG_018901,0.9163083333333333
SG_018902,0.265625
SG_018904,0.7948916666666666
SG_018905,0.5936333333333333
SG_018906,0.8579833333333333
SG_018907,0.516725
SG_018908,0.6114333333333334
SG_018915,0.3196416666666666
SG_018918,0.20445833333333333
SG_018920,0.7600249999999998
SG_018924,0.58415
SG_018928,0.5859833333333333
SG_018940,0.14096666666666666
SG_018941,0.4465416666666666
SG_018942,0.49172499999999997
SG_018965,0.46248333333333336
SG_018966,0.5815666666666667
SG_018968,0.14289166666666667
SG_018970,0.6528833333333333
SG_018972,0.28380833333333333
SG_018978,0.7337166666666666
SG_018981,0.0887
SG_018984,0.33010833333333334
SG_018990,0.4484583333333333
SG_019006,0.7641083333333332
SG_019012,0.4811583333333333
SG_019014,0.24094999999999997
SG_019015,0.9779833333333332
SG_019016,0.7586583333333332
SG_019018,0.8354083333333333
SG_019019,0.3526583333333333
SG_019023,0.8037916666666667
SG_019028,0.880625
SG_019030,0.39171666666666666
SG_019036,0.6205499999999999
SG_019038,0.3853416666666667
SG_019039,0.97405
SG_019041,0.38931666666666664
SG_019042,0.14898333333333333
SG_019044,0.77895
SG_019051,0.38107499999999994
SG_019053,0.39410833333333334
SG_019054,0.5447333333333333
SG_019058,0.7497833333333334
SG_019069,0.14994166666666667
SG_019071,0.21365
SG_019082,0.653775
SG_019083,0.5522666666666667
SG_019084,0.27152499999999996
SG_019087,0.36311666666666664
SG_019092,0.041841666666666666
SG_019098,0.5349083333333333
SG_019102,0.968975
SG_019105,0.8826666666666667
SG_019106,0.37094166666666667
SG_019109,0.1952583333333333
SG_019115,0.37606666666666666
SG_019117,0.5915249999999999
SG_019119,0.3184083333333333
SG_019120,0.6588999999999999
SG_019131,0.2704
SG_019142,0.7511833333333333
SG_019146,0.6627583333333333
SG_019147,0.8078583333333333
SG_019149,0.05843333333333333
SG_019150,0.05028333333333333
SG_019162,0.782075
SG_019167,0.7166916666666667
SG_019169,0.07807499999999999
SG_019171,0.04476666666666666
SG_019176,0.9313583333333333
SG_019184,0.2608583333333333
SG_019187,0.624
SG_019190,0.14318333333333333
SG_019197,0.45328333333333337
SG_019198,0.17531666666666665
SG_019201,0.13380833333333333
SG_019203,0.9666916666666665
SG_019204,0.48885833333333334
SG_019208,0.6996333333333333
SG_019209,0.228425
SG_019211,0.026016666666666667
SG_019212,0.9357166666666665
SG_019217,0.382625
SG_019221,0.13944166666666666
SG_019222,0.7656749999999999
SG_019223,0.05485
SG_019225,0.61255
SG_019237,0.9640583333333332
SG_019244,0.8355333333333332
SG_019245,0.684525
SG_019246,0.21384166666666665
SG_019247,0.489625
SG_019248,0.32371666666666665
SG_019249,0.5032833333333333
SG_019251,0.5806583333333333
SG_019253,0.3264333333333333
SG_019254,0.31227499999999997
SG_019255,0.262
SG_019259,0.11924166666666666
SG_019265,0.6635833333333333
SG_019266,0.44675
SG_019267,0.7839499999999999
SG_019270,0.2117083333333333
SG_019271,0.20957499999999998
SG_019272,0.55835
SG_019273,0.31044166666666667
SG_019274,0.014591666666666666
SG_019275,0.286375
SG_019276,0.021433333333333332
SG_019282,0.6296916666666666
SG_019286,0.8035833333333333
SG_019289,0.4210333333333333
SG_019295,0.9879583333333333
SG_019296,0.935925
SG_019298,0.15965000000000001
SG_019300,0.4921166666666666
SG_019302,0.7880999999999999
SG_019311,0.7683083333333334
SG_019314,0.357425
SG_019315,0.20346666666666666
SG_019316,0.5430999999999999
SG_019321,0.15947499999999998
SG_019325,0.8107666666666666
SG_019326,0.8750083333333332
SG_019328,0.2281166666666667
SG_019330,0.18223333333333333
SG_019333,0.5362750000000001
SG_019336,0.4764583333333333
SG_019339,0.3726166666666666
SG_019346,0.7121916666666667
SG_019352,0.6497166666666667
SG_019358,0.9169833333333333
SG_019362,0.9629166666666666
SG_019368,0.18448333333333333
SG_019371,0.5467583333333333
SG_019373,0.8243666666666665
SG_019374,0.751575
SG_019375,0.2029583333333333
SG_019376,0.9890416666666666
SG_019386,0.43798333333333334
SG_019388,0.5173
SG_019394,0.7465833333333333
SG_019398,0.5429916666666667
SG_019408,0.6404333333333333
SG_019411,0.18763333333333332
SG_019419,0.8938249999999999
SG_019421,0.8252749999999999
SG_019425,0.3819916666666667
SG_019427,0.4126916666666666
SG_019428,0.366875
SG_019431,0.10398333333333332
SG_019432,0.42455
SG_019433,0.3882083333333333
SG_019436,0.666825
SG_019437,0.9364083333333333
SG_019440,0.262775
SG_019442,0.6610833333333334
SG_019446,0.5464583333333333
SG_019447,0.302725
SG_019449,0.36121666666666663
SG_019452,0.043275
SG_019455,0.4786583333333333
SG_019456,0.37894999999999995
SG_019458,0.5313249999999999
SG_019466,0.33284166666666665
SG_019468,0.8874166666666666
SG_019470,0.765275
SG_019471,0.7016916666666666
SG_019473,0.29450833333333326
SG_019478,0.2415
SG_019485,0.9699
SG_019488,0.44311666666666666
SG_019489,0.48649999999999993
SG_019491,0.54855
SG_019496,0.8773166666666666
SG_019498,0.70015
SG_019510,0.944425
SG_019516,0.46219166666666667
SG_019519,0.11749166666666666
SG_019523,0.09104166666666666
SG_019527,0.382475
SG_019530,0.45965
SG_019532,0.7809916666666666
SG_019534,0.03269166666666666
SG_019540,0.6439416666666666
SG_019541,0.28580833333333333
SG_019543,0.2446333333333333
SG_019553,0.17754999999999999
SG_019558,0.5050083333333333
SG_019562,0.505325
SG_019563,0.3103666666666667
SG_019564,0.5688083333333332
SG_019567,0.6839583333333332
SG_019570,0.9710916666666665
SG_019577,0.28196666666666664
SG_019583,0.9040083333333333
SG_019585,0.8682
SG_019587,0.7895666666666666
SG_019588,0.041183333333333336
SG_019591,0.06165833333333333
SG_019593,0.18237499999999998
SG_019598,0.10089166666666666
SG_019599,0.48406666666666665
SG_019602,0.9338
SG_019609,0.483225
SG_019620,0.2661833333333333
SG_019621,0.1345333333333333
SG_019624,0.8557583333333333
SG_019625,0.6607916666666667
SG_019627,0.02718333333333333
SG_019635,0.02390833333333333
SG_019638,0.08618333333333332
SG_019639,0.13289166666666669
SG_019642,0.9129583333333332
SG_019645,0.17475833333333332
SG_019647,0.8807666666666667
SG_019648,0.07856666666666666
SG_019650,0.107225
SG_019652,0.16659166666666664
SG_019654,0.5491833333333332
SG_019657,0.7656499999999998
SG_019660,0.23146666666666665
SG_019661,0.13306666666666667
SG_019662,0.6357333333333334
SG_019665,0.5103333333333333
SG_019666,0.7672333333333333
SG_019667,0.41377499999999995
SG_019676,0.9932916666666666
SG_019679,0.93495
SG_019680,0.9530666666666665
SG_019683,0.6652166666666667
SG_019689,0.28828333333333334
SG_019690,0.45573333333333327
SG_019691,0.4443666666666667
SG_019695,0.4829833333333333
SG_019698,0.22805833333333334
SG_019710,0.29101666666666665
SG_019711,0.8006166666666666
SG_019716,0.26915
SG_019724,0.27781666666666666
SG_019727,0.7331916666666667
SG_019728,0.5570166666666666
SG_019729,0.3383083333333333
SG_019733,0.9198
SG_019738,0.7589666666666667
SG_019740,0.226925
SG_019746,0.7775000000000001
SG_019747,0.9147333333333332
SG_019750,0.23485833333333334
SG_019755,0.7414416666666666
SG_019756,0.7793833333333333
SG_019761,0.188475
SG_019764,0.39726666666666666
SG_019766,0.3402916666666666
SG_019767,0.3427
SG_019769,0.5959333333333333
SG_019779,0.003158333333333333
SG_019782,0.079275
SG_019783,0.6857249999999999
SG_019784,0.21824999999999997
SG_019791,0.2625333333333333
SG_019792,0.5348333333333333
SG_019793,0.9489749999999999
SG_019797,0.038549999999999994
SG_019800,0.7460249999999999
SG_019801,0.6953333333333334
SG_019802,0.43252499999999994
SG_019804,0.19432499999999997
SG_019807,0.83275
SG_019809,0.4651333333333333
SG_019811,0.471925
SG_019812,0.32434166666666664
SG_019819,0.18562499999999998
SG_019828,0.42914166666666664
SG_019830,0.5185916666666666
SG_019832,0.58165
SG_019835,0.4080083333333333
SG_019838,0.2895333333333333
SG_019839,0.24370833333333333
SG_019842,0.8424416666666666
SG_019846,0.6946833333333333
SG_019849,0.011166666666666667
SG_019851,0.9063666666666668
SG_019852,0.39021666666666666
SG_019853,0.4641333333333333
SG_019854,0.8370416666666667
SG_019857,0.8023416666666666
SG_019858,0.8611500000000001
SG_019859,0.48641666666666666
SG_019864,0.7149666666666666
SG_019865,0.25814166666666666
SG_019868,0.4105
SG_019869,0.8771999999999999
SG_019873,0.45294166666666663
SG_019878,0.563775
SG_019883,0.8673333333333333
SG_019887,0.2633083333333333
SG_019888,0.16572499999999998
SG_019895,0.3479333333333333
SG_019900,0.048666666666666664
SG_019903,0.17540833333333333
SG_019906,0.6887083333333334
SG_019909,0.6749416666666667
SG_019910,0.25425
SG_019913,0.9401083333333333
SG_019914,0.315125
SG_019921,0.253975
SG_019923,0.5870833333333333
SG_019928,0.9078916666666667
SG_019930,0.7151916666666667
SG_019933,0.3953416666666667
SG_019939,0.12748333333333334
SG_019941,0.8067
SG_019944,0.20579166666666665
SG_019945,0.5266833333333333
SG_019947,0.08143333333333333
SG_019949,0.7031416666666667
SG_019950,0.5167999999999999
SG_019954,0.32155
SG_019955,0.7664166666666665
SG_019960,0.3485666666666666
SG_019961,0.7623166666666665
SG_019966,0.8596833333333332
SG_019968,0.822325
SG_019970,0.48782499999999995
SG_019973,0.13108333333333333
SG_019974,0.5355666666666666
SG_019976,0.6712583333333333
SG_019978,0.35862499999999997
SG_019980,0.3895333333333333
SG_019981,0.17511666666666664
SG_019983,0.7631333333333332
SG_019984,0.8441333333333332
SG_019985,0.5884833333333332
SG_019989,0.36133333333333334
SG_019994,0.4313166666666667
SG_019998,0.18794999999999998
SG_019999,0.7191583333333333
SG_020000,0.30240833333333333
